entity_id,occupancy,observedAt
urn:ngsi-ld:Sensor:Kitchen_Motion,0.22897511,2024-01-01T14:12:00.000Z
urn:ngsi-ld:Sensor:Mailroom_Motion,0.22897511,2024-01-01T14:12:00.000Z
urn:ngsi-ld:Sensor:Lab_Motion,0.504,2024-01-02T01:36:00.000Z
urn:ngsi-ld:Sensor:Kitchen_Motion,0.34641206,2024-01-02T01:36:00.000Z
urn:ngsi-ld:Sensor:Mailroom_Motion,0.34641206,2024-01-02T01:36:00.000Z
urn:ngsi-ld:Sensor:Lab_Motion,0.495327103,2024-01-02T13:00:00.000Z
urn:ngsi-ld:Sensor:Kitchen_Motion,0.329524336,2024-01-02T13:00:00.000Z
urn:ngsi-ld:Sensor:Lab_Motion,0.5,2024-01-03T00:24:00.000Z
urn:ngsi-ld:Sensor:Kitchen_Motion,0.317437071,2024-01-03T00:24:00.000Z
urn:ngsi-ld:Sensor:Lab_Motion,0.5,2024-01-03T11:48:00.000Z
urn:ngsi-ld:Sensor:Kitchen_Motion,0.403929431,2024-01-03T11:48:00.000Z
urn:ngsi-ld:Sensor:Mailroom_Motion,0.403929431,2024-01-03T11:48:00.000Z
urn:ngsi-ld:Sensor:Lab_Motion,0.5,2024-01-03T23:12:00.000Z
urn:ngsi-ld:Sensor:Kitchen_Motion,0.249692308,2024-01-03T23:12:00.000Z
urn:ngsi-ld:Sensor:Mailroom_Motion,0.249692308,2024-01-03T23:12:00.000Z
urn:ngsi-ld:Sensor:Lab_Motion,0.5,2024-01-04T10:36:00.000Z
urn:ngsi-ld:Sensor:Kitchen_Motion,0.444702861,2024-01-04T10:36:00.000Z
urn:ngsi-ld:Sensor:Mailroom_Motion,0.444702861,2024-01-04T10:36:00.000Z
urn:ngsi-ld:Sensor:Kitchen_Motion,0.699706152,2024-01-04T22:00:00.000Z
urn:ngsi-ld:Sensor:Mailroom_Motion,0.699706152,2024-01-04T22:00:00.000Z
urn:ngsi-ld:Sensor:Kitchen_Motion,0.81440246,2024-01-05T09:24:00.000Z
urn:ngsi-ld:Sensor:Mailroom_Motion,0.81440246,2024-01-05T09:24:00.000Z
urn:ngsi-ld:Sensor:Kitchen_Motion,0.177877778,2024-01-05T20:48:00.000Z
urn:ngsi-ld:Sensor:Mailroom_Motion,0.177877778,2024-01-05T20:48:00.000Z
urn:ngsi-ld:Sensor:Kitchen_Motion,0.369899083,2024-01-06T08:12:00.000Z
urn:ngsi-ld:Sensor:Mailroom_Motion,0.369899083,2024-01-06T08:12:00.000Z
urn:ngsi-ld:Sensor:Kitchen_Motion,0.204456763,2024-01-06T19:36:00.000Z
urn:ngsi-ld:Sensor:Mailroom_Motion,0.204456763,2024-01-06T19:36:00.000Z
urn:ngsi-ld:Sensor:Kitchen_Motion,0.643311741,2024-01-07T07:00:00.000Z
urn:ngsi-ld:Sensor:Mailroom_Motion,0.643311741,2024-01-07T07:00:00.000Z
urn:ngsi-ld:Sensor:Kitchen_Motion,0.217977901,2024-01-07T18:24:00.000Z
urn:ngsi-ld:Sensor:Mailroom_Motion,0.217977901,2024-01-07T18:24:00.000Z
urn:ngsi-ld:Sensor:Lab_Motion,0.5,2024-01-08T05:48:00.000Z
urn:ngsi-ld:Sensor:Kitchen_Motion,0.613471302,2024-01-08T05:48:00.000Z
urn:ngsi-ld:Sensor:Mailroom_Motion,0.613471302,2024-01-08T05:48:00.000Z
urn:ngsi-ld:Sensor:Lab_Motion,0.5,2024-01-08T17:12:00.000Z
urn:ngsi-ld:Sensor:Kitchen_Motion,0.411927133,2024-01-08T17:12:00.000Z
urn:ngsi-ld:Sensor:Mailroom_Motion,0.411927133,2024-01-08T17:12:00.000Z
urn:ngsi-ld:Sensor:Lab_Motion,0.5,2024-01-09T04:36:00.000Z
urn:ngsi-ld:Sensor:Kitchen_Motion,0.558450119,2024-01-09T04:36:00.000Z
urn:ngsi-ld:Sensor:Mailroom_Motion,0.558450119,2024-01-09T04:36:00.000Z
urn:ngsi-ld:Sensor:Lab_Motion,0.5,2024-01-09T16:00:00.000Z
urn:ngsi-ld:Sensor:Mailroom_Motion,0.288719931,2024-01-09T16:00:00.000Z
urn:ngsi-ld:Sensor:Lab_Motion,0.502793296,2024-01-10T03:24:00.000Z
urn:ngsi-ld:Sensor:Kitchen_Motion,0.383444239,2024-01-10T03:24:00.000Z
urn:ngsi-ld:Sensor:Mailroom_Motion,0.383444239,2024-01-10T03:24:00.000Z
urn:ngsi-ld:Sensor:Lab_Motion,0.489361702,2024-01-10T14:48:00.000Z
urn:ngsi-ld:Sensor:Kitchen_Motion,0.40867052,2024-01-10T14:48:00.000Z
urn:ngsi-ld:Sensor:Mailroom_Motion,0.40867052,2024-01-10T14:48:00.000Z
urn:ngsi-ld:Sensor:Lab_Motion,0.495495495,2024-01-11T02:12:00.000Z
urn:ngsi-ld:Sensor:Kitchen_Motion,0.538129195,2024-01-11T02:12:00.000Z
urn:ngsi-ld:Sensor:Mailroom_Motion,0.538129195,2024-01-11T02:12:00.000Z
urn:ngsi-ld:Sensor:Lab_Motion,0.495238095,2024-01-11T13:36:00.000Z
urn:ngsi-ld:Sensor:Kitchen_Motion,0.449526953,2024-01-11T13:36:00.000Z
urn:ngsi-ld:Sensor:Mailroom_Motion,0.449526953,2024-01-11T13:36:00.000Z
urn:ngsi-ld:Sensor:Kitchen_Motion,0.459733728,2024-01-12T01:00:00.000Z
urn:ngsi-ld:Sensor:Mailroom_Motion,0.459733728,2024-01-12T01:00:00.000Z
urn:ngsi-ld:Sensor:Kitchen_Motion,1.471606607,2024-01-12T12:24:00.000Z
urn:ngsi-ld:Sensor:Mailroom_Motion,1.471606607,2024-01-12T12:24:00.000Z
urn:ngsi-ld:Sensor:Kitchen_Motion,5.254956772,2024-01-12T23:48:00.000Z
urn:ngsi-ld:Sensor:Mailroom_Motion,5.254956772,2024-01-12T23:48:00.000Z
urn:ngsi-ld:Sensor:Kitchen_Motion,1.875761773,2024-01-13T11:12:00.000Z
urn:ngsi-ld:Sensor:Mailroom_Motion,1.875761773,2024-01-13T11:12:00.000Z
urn:ngsi-ld:Sensor:Kitchen_Motion,0.293368263,2024-01-13T22:36:00.000Z
urn:ngsi-ld:Sensor:Mailroom_Motion,0.293368263,2024-01-13T22:36:00.000Z
urn:ngsi-ld:Sensor:Lab_Motion,0.5,2024-01-14T10:00:00.000Z
urn:ngsi-ld:Sensor:Kitchen_Motion,2.210446429,2024-01-14T10:00:00.000Z
urn:ngsi-ld:Sensor:Mailroom_Motion,2.210446429,2024-01-14T10:00:00.000Z
urn:ngsi-ld:Sensor:Lab_Motion,0.5,2024-01-14T21:24:00.000Z
urn:ngsi-ld:Sensor:Kitchen_Motion,0.311979914,2024-01-14T21:24:00.000Z
urn:ngsi-ld:Sensor:Mailroom_Motion,0.311979914,2024-01-14T21:24:00.000Z
urn:ngsi-ld:Sensor:Lab_Motion,0.5,2024-01-15T08:48:00.000Z
urn:ngsi-ld:Sensor:Kitchen_Motion,0.453132075,2024-01-15T08:48:00.000Z
urn:ngsi-ld:Sensor:Mailroom_Motion,0.453132075,2024-01-15T08:48:00.000Z
urn:ngsi-ld:Sensor:Kitchen_Motion,0.25144186,2024-01-15T20:12:00.000Z
urn:ngsi-ld:Sensor:Mailroom_Motion,0.25144186,2024-01-15T20:12:00.000Z
urn:ngsi-ld:Sensor:Lab_Motion,0.5,2024-01-16T07:36:00.000Z
urn:ngsi-ld:Sensor:Kitchen_Motion,0.918736142,2024-01-16T07:36:00.000Z
urn:ngsi-ld:Sensor:Mailroom_Motion,0.918736142,2024-01-16T07:36:00.000Z
urn:ngsi-ld:Sensor:Lab_Motion,0.5,2024-01-16T19:00:00.000Z
urn:ngsi-ld:Sensor:Kitchen_Motion,0.24667162,2024-01-16T19:00:00.000Z
urn:ngsi-ld:Sensor:Mailroom_Motion,0.24667162,2024-01-16T19:00:00.000Z
urn:ngsi-ld:Sensor:Lab_Motion,0.5,2024-01-17T06:24:00.000Z
urn:ngsi-ld:Sensor:Kitchen_Motion,0.500763889,2024-01-17T06:24:00.000Z
urn:ngsi-ld:Sensor:Kitchen_Motion,0.226787479,2024-01-17T17:48:00.000Z
urn:ngsi-ld:Sensor:Mailroom_Motion,0.226787479,2024-01-17T17:48:00.000Z
urn:ngsi-ld:Sensor:Lab_Motion,0.502645503,2024-01-18T05:12:00.000Z
urn:ngsi-ld:Sensor:Kitchen_Motion,0.457142857,2024-01-18T05:12:00.000Z
urn:ngsi-ld:Sensor:Lab_Motion,0.461538462,2024-01-18T16:36:00.000Z
urn:ngsi-ld:Sensor:Kitchen_Motion,1.02820996,2024-01-18T16:36:00.000Z
urn:ngsi-ld:Sensor:Mailroom_Motion,1.02820996,2024-01-18T16:36:00.000Z
urn:ngsi-ld:Sensor:Kitchen_Motion,0.378497268,2024-01-19T04:00:00.000Z
urn:ngsi-ld:Sensor:Mailroom_Motion,0.378497268,2024-01-19T04:00:00.000Z
urn:ngsi-ld:Sensor:Kitchen_Motion,0.278977444,2024-01-19T15:24:00.000Z
urn:ngsi-ld:Sensor:Mailroom_Motion,0.278977444,2024-01-19T15:24:00.000Z
urn:ngsi-ld:Sensor:Kitchen_Motion,0.365165746,2024-01-20T02:48:00.000Z
urn:ngsi-ld:Sensor:Mailroom_Motion,0.365165746,2024-01-20T02:48:00.000Z
urn:ngsi-ld:Sensor:Kitchen_Motion,1.129030899,2024-01-20T14:12:00.000Z
urn:ngsi-ld:Sensor:Mailroom_Motion,1.129030899,2024-01-20T14:12:00.000Z
urn:ngsi-ld:Sensor:Lab_Motion,0.5,2024-01-21T01:36:00.000Z
urn:ngsi-ld:Sensor:Kitchen_Motion,0.35229932,2024-01-21T01:36:00.000Z
urn:ngsi-ld:Sensor:Mailroom_Motion,0.35229932,2024-01-21T01:36:00.000Z
urn:ngsi-ld:Sensor:Kitchen_Motion,0.329252874,2024-01-21T13:00:00.000Z
urn:ngsi-ld:Sensor:Mailroom_Motion,0.329252874,2024-01-21T13:00:00.000Z
urn:ngsi-ld:Sensor:Lab_Motion,0.504424779,2024-01-22T00:24:00.000Z
urn:ngsi-ld:Sensor:Kitchen_Motion,0.38034188,2024-01-22T00:24:00.000Z
urn:ngsi-ld:Sensor:Mailroom_Motion,0.38034188,2024-01-22T00:24:00.000Z
urn:ngsi-ld:Sensor:Lab_Motion,0.496183206,2024-01-22T11:48:00.000Z
urn:ngsi-ld:Sensor:Kitchen_Motion,0.992157795,2024-01-22T11:48:00.000Z
urn:ngsi-ld:Sensor:Mailroom_Motion,0.992157795,2024-01-22T11:48:00.000Z
urn:ngsi-ld:Sensor:Lab_Motion,0.5,2024-01-22T23:12:00.000Z
urn:ngsi-ld:Sensor:Kitchen_Motion,0.577882096,2024-01-22T23:12:00.000Z
urn:ngsi-ld:Sensor:Mailroom_Motion,0.577882096,2024-01-22T23:12:00.000Z
urn:ngsi-ld:Sensor:Lab_Motion,0.5,2024-01-23T10:36:00.000Z
urn:ngsi-ld:Sensor:Kitchen_Motion,0.483498062,2024-01-23T10:36:00.000Z
urn:ngsi-ld:Sensor:Mailroom_Motion,0.483498062,2024-01-23T10:36:00.000Z
urn:ngsi-ld:Sensor:Lab_Motion,0.511111111,2024-01-23T22:00:00.000Z
urn:ngsi-ld:Sensor:Kitchen_Motion,0.311352075,2024-01-23T22:00:00.000Z
urn:ngsi-ld:Sensor:Mailroom_Motion,0.311352075,2024-01-23T22:00:00.000Z
urn:ngsi-ld:Sensor:Lab_Motion,0.497584541,2024-01-24T09:24:00.000Z
urn:ngsi-ld:Sensor:Kitchen_Motion,1.541776799,2024-01-24T09:24:00.000Z
urn:ngsi-ld:Sensor:Mailroom_Motion,1.541776799,2024-01-24T09:24:00.000Z
urn:ngsi-ld:Sensor:Lab_Motion,0.5,2024-01-24T20:48:00.000Z
urn:ngsi-ld:Sensor:Kitchen_Motion,0.255479876,2024-01-24T20:48:00.000Z
urn:ngsi-ld:Sensor:Mailroom_Motion,0.255479876,2024-01-24T20:48:00.000Z
urn:ngsi-ld:Sensor:Lab_Motion,0.5,2024-01-25T08:12:00.000Z
urn:ngsi-ld:Sensor:Kitchen_Motion,0.504464711,2024-01-25T08:12:00.000Z
urn:ngsi-ld:Sensor:Mailroom_Motion,0.504464711,2024-01-25T08:12:00.000Z
urn:ngsi-ld:Sensor:Kitchen_Motion,0.218590164,2024-01-25T19:36:00.000Z
urn:ngsi-ld:Sensor:Mailroom_Motion,0.218590164,2024-01-25T19:36:00.000Z
urn:ngsi-ld:Sensor:Kitchen_Motion,1.120100756,2024-01-26T07:00:00.000Z
urn:ngsi-ld:Sensor:Mailroom_Motion,1.120100756,2024-01-26T07:00:00.000Z
urn:ngsi-ld:Sensor:Kitchen_Motion,0.21102649,2024-01-26T18:24:00.000Z
urn:ngsi-ld:Sensor:Mailroom_Motion,0.21102649,2024-01-26T18:24:00.000Z
urn:ngsi-ld:Sensor:Kitchen_Motion,0.499298469,2024-01-27T05:48:00.000Z
urn:ngsi-ld:Sensor:Kitchen_Motion,0.232343032,2024-01-27T17:12:00.000Z
urn:ngsi-ld:Sensor:Mailroom_Motion,0.232343032,2024-01-27T17:12:00.000Z
urn:ngsi-ld:Sensor:Kitchen_Motion,0.418302354,2024-01-28T04:36:00.000Z
urn:ngsi-ld:Sensor:Mailroom_Motion,0.418302354,2024-01-28T04:36:00.000Z
urn:ngsi-ld:Sensor:Kitchen_Motion,1.10483965,2024-01-28T16:00:00.000Z
urn:ngsi-ld:Sensor:Mailroom_Motion,1.10483965,2024-01-28T16:00:00.000Z
urn:ngsi-ld:Sensor:Lab_Motion,0.502617801,2024-01-29T03:24:00.000Z
urn:ngsi-ld:Sensor:Kitchen_Motion,0.742104405,2024-01-29T03:24:00.000Z
urn:ngsi-ld:Sensor:Mailroom_Motion,0.742104405,2024-01-29T03:24:00.000Z
urn:ngsi-ld:Sensor:Lab_Motion,0.493150685,2024-01-29T14:48:00.000Z
urn:ngsi-ld:Sensor:Kitchen_Motion,0.343882064,2024-01-29T14:48:00.000Z
urn:ngsi-ld:Sensor:Mailroom_Motion,0.343882064,2024-01-29T14:48:00.000Z
urn:ngsi-ld:Sensor:Lab_Motion,0.6,2024-01-30T02:12:00.000Z
urn:ngsi-ld:Sensor:Kitchen_Motion,0.305392954,2024-01-30T02:12:00.000Z
urn:ngsi-ld:Sensor:Mailroom_Motion,0.305392954,2024-01-30T02:12:00.000Z
urn:ngsi-ld:Sensor:Lab_Motion,0.5,2024-01-31T01:00:00.000Z
urn:ngsi-ld:Sensor:Kitchen_Motion,2.342020202,2024-01-31T01:00:00.000Z
urn:ngsi-ld:Sensor:Mailroom_Motion,2.342020202,2024-01-31T01:00:00.000Z
urn:ngsi-ld:Sensor:Lab_Motion,0.494949495,2024-01-31T12:24:00.000Z
urn:ngsi-ld:Sensor:Kitchen_Motion,0.444878049,2024-01-31T12:24:00.000Z
urn:ngsi-ld:Sensor:Mailroom_Motion,0.444878049,2024-01-31T12:24:00.000Z
urn:ngsi-ld:Sensor:Lab_Motion,0.506666667,2024-01-31T23:48:00.000Z
urn:ngsi-ld:Sensor:Mailroom_Motion,0.392817073,2024-01-31T23:48:00.000Z
urn:ngsi-ld:Sensor:Mailroom_Motion,0.935145631,2024-02-01T11:12:00.000Z
urn:ngsi-ld:Sensor:Kitchen_Motion,0.314262295,2024-02-01T22:36:00.000Z
urn:ngsi-ld:Sensor:Mailroom_Motion,0.314262295,2024-02-01T22:36:00.000Z
urn:ngsi-ld:Sensor:Kitchen_Motion,0.573499407,2024-02-02T10:00:00.000Z
urn:ngsi-ld:Sensor:Mailroom_Motion,0.573499407,2024-02-02T10:00:00.000Z
urn:ngsi-ld:Sensor:Kitchen_Motion,0.345248869,2024-02-02T21:24:00.000Z
urn:ngsi-ld:Sensor:Mailroom_Motion,0.345248869,2024-02-02T21:24:00.000Z
urn:ngsi-ld:Sensor:Kitchen_Motion,1.317084048,2024-02-03T08:48:00.000Z
urn:ngsi-ld:Sensor:Mailroom_Motion,1.317084048,2024-02-03T08:48:00.000Z
urn:ngsi-ld:Sensor:Kitchen_Motion,0.280277778,2024-02-03T20:12:00.000Z
urn:ngsi-ld:Sensor:Mailroom_Motion,0.280277778,2024-02-03T20:12:00.000Z
urn:ngsi-ld:Sensor:Kitchen_Motion,0.624809052,2024-02-04T07:36:00.000Z
urn:ngsi-ld:Sensor:Mailroom_Motion,0.624809052,2024-02-04T07:36:00.000Z
urn:ngsi-ld:Sensor:Kitchen_Motion,0.252683983,2024-02-04T19:00:00.000Z
urn:ngsi-ld:Sensor:Mailroom_Motion,0.252683983,2024-02-04T19:00:00.000Z
urn:ngsi-ld:Sensor:Lab_Motion,0.5,2024-02-05T06:24:00.000Z
urn:ngsi-ld:Sensor:Kitchen_Motion,1.51099932,2024-02-05T06:24:00.000Z
urn:ngsi-ld:Sensor:Mailroom_Motion,1.51099932,2024-02-05T06:24:00.000Z
urn:ngsi-ld:Sensor:Lab_Motion,0.5,2024-02-05T17:48:00.000Z
urn:ngsi-ld:Sensor:Kitchen_Motion,0.229512579,2024-02-05T17:48:00.000Z
urn:ngsi-ld:Sensor:Mailroom_Motion,0.229512579,2024-02-05T17:48:00.000Z
urn:ngsi-ld:Sensor:Lab_Motion,0.502008032,2024-02-06T05:12:00.000Z
urn:ngsi-ld:Sensor:Kitchen_Motion,0.565611681,2024-02-06T05:12:00.000Z
urn:ngsi-ld:Sensor:Mailroom_Motion,0.565611681,2024-02-06T05:12:00.000Z
urn:ngsi-ld:Sensor:Lab_Motion,0.481481481,2024-02-06T16:36:00.000Z
urn:ngsi-ld:Sensor:Kitchen_Motion,0.302503497,2024-02-06T16:36:00.000Z
urn:ngsi-ld:Sensor:Mailroom_Motion,0.302503497,2024-02-06T16:36:00.000Z
urn:ngsi-ld:Sensor:Lab_Motion,0.502392344,2024-02-07T04:00:00.000Z
urn:ngsi-ld:Sensor:Kitchen_Motion,3.725092207,2024-02-07T04:00:00.000Z
urn:ngsi-ld:Sensor:Mailroom_Motion,3.725092207,2024-02-07T04:00:00.000Z
urn:ngsi-ld:Sensor:Lab_Motion,0.491525424,2024-02-07T15:24:00.000Z
urn:ngsi-ld:Sensor:Kitchen_Motion,0.990852974,2024-02-07T15:24:00.000Z
urn:ngsi-ld:Sensor:Mailroom_Motion,0.990852974,2024-02-07T15:24:00.000Z
urn:ngsi-ld:Sensor:Lab_Motion,0.503355705,2024-02-08T02:48:00.000Z
urn:ngsi-ld:Sensor:Kitchen_Motion,0.683025862,2024-02-08T02:48:00.000Z
urn:ngsi-ld:Sensor:Mailroom_Motion,0.683025862,2024-02-08T02:48:00.000Z
urn:ngsi-ld:Sensor:Lab_Motion,0.494382022,2024-02-08T14:12:00.000Z
urn:ngsi-ld:Sensor:Kitchen_Motion,0.357908046,2024-02-08T14:12:00.000Z
urn:ngsi-ld:Sensor:Mailroom_Motion,0.357908046,2024-02-08T14:12:00.000Z
urn:ngsi-ld:Sensor:Kitchen_Motion,0.384737609,2024-02-09T01:36:00.000Z
urn:ngsi-ld:Sensor:Mailroom_Motion,0.384737609,2024-02-09T01:36:00.000Z
urn:ngsi-ld:Sensor:Kitchen_Motion,1.237947295,2024-02-09T13:00:00.000Z
urn:ngsi-ld:Sensor:Mailroom_Motion,1.237947295,2024-02-09T13:00:00.000Z
urn:ngsi-ld:Sensor:Kitchen_Motion,0.531064748,2024-02-10T00:24:00.000Z
urn:ngsi-ld:Sensor:Mailroom_Motion,0.531064748,2024-02-10T00:24:00.000Z
urn:ngsi-ld:Sensor:Kitchen_Motion,0.439582173,2024-02-10T11:48:00.000Z
urn:ngsi-ld:Sensor:Mailroom_Motion,0.439582173,2024-02-10T11:48:00.000Z
urn:ngsi-ld:Sensor:Lab_Motion,0.5,2024-02-10T23:12:00.000Z
urn:ngsi-ld:Sensor:Kitchen_Motion,0.361794159,2024-02-10T23:12:00.000Z
urn:ngsi-ld:Sensor:Mailroom_Motion,0.361794159,2024-02-10T23:12:00.000Z
urn:ngsi-ld:Sensor:Kitchen_Motion,1.223773825,2024-02-11T10:36:00.000Z
urn:ngsi-ld:Sensor:Mailroom_Motion,1.223773825,2024-02-11T10:36:00.000Z
urn:ngsi-ld:Sensor:Kitchen_Motion,0.282457143,2024-02-11T22:00:00.000Z
urn:ngsi-ld:Sensor:Mailroom_Motion,0.282457143,2024-02-11T22:00:00.000Z
urn:ngsi-ld:Sensor:Lab_Motion,0.5,2024-02-12T09:24:00.000Z
urn:ngsi-ld:Sensor:Kitchen_Motion,0.658353863,2024-02-12T09:24:00.000Z
urn:ngsi-ld:Sensor:Mailroom_Motion,0.658353863,2024-02-12T09:24:00.000Z
urn:ngsi-ld:Sensor:Lab_Motion,0.5,2024-02-12T20:48:00.000Z
urn:ngsi-ld:Sensor:Kitchen_Motion,0.327602941,2024-02-12T20:48:00.000Z
urn:ngsi-ld:Sensor:Mailroom_Motion,0.327602941,2024-02-12T20:48:00.000Z
urn:ngsi-ld:Sensor:Lab_Motion,0.5,2024-02-13T08:12:00.000Z
urn:ngsi-ld:Sensor:Kitchen_Motion,1.026118644,2024-02-13T08:12:00.000Z
urn:ngsi-ld:Sensor:Mailroom_Motion,1.026118644,2024-02-13T08:12:00.000Z
urn:ngsi-ld:Sensor:Kitchen_Motion,0.21839172,2024-02-13T19:36:00.000Z
urn:ngsi-ld:Sensor:Mailroom_Motion,0.21839172,2024-02-13T19:36:00.000Z
urn:ngsi-ld:Sensor:Lab_Motion,0.5,2024-02-14T07:00:00.000Z
urn:ngsi-ld:Sensor:Mailroom_Motion,0.749767442,2024-02-14T07:00:00.000Z
urn:ngsi-ld:Sensor:Kitchen_Motion,0.230295082,2024-02-14T18:24:00.000Z
urn:ngsi-ld:Sensor:Mailroom_Motion,0.230295082,2024-02-14T18:24:00.000Z
urn:ngsi-ld:Sensor:Lab_Motion,0.502202643,2024-02-15T05:48:00.000Z
urn:ngsi-ld:Sensor:Kitchen_Motion,1.054923858,2024-02-15T05:48:00.000Z
urn:ngsi-ld:Sensor:Mailroom_Motion,1.054923858,2024-02-15T05:48:00.000Z
urn:ngsi-ld:Sensor:Lab_Motion,0.263157895,2024-02-15T17:12:00.000Z
urn:ngsi-ld:Sensor:Kitchen_Motion,2.400617506,2024-02-15T17:12:00.000Z
urn:ngsi-ld:Sensor:Mailroom_Motion,2.400617506,2024-02-15T17:12:00.000Z
urn:ngsi-ld:Sensor:Kitchen_Motion,0.712746114,2024-02-16T04:36:00.000Z
urn:ngsi-ld:Sensor:Mailroom_Motion,0.712746114,2024-02-16T04:36:00.000Z
urn:ngsi-ld:Sensor:Kitchen_Motion,0.272403698,2024-02-16T16:00:00.000Z
urn:ngsi-ld:Sensor:Mailroom_Motion,0.272403698,2024-02-16T16:00:00.000Z
urn:ngsi-ld:Sensor:Kitchen_Motion,0.540312907,2024-02-17T03:24:00.000Z
urn:ngsi-ld:Sensor:Mailroom_Motion,0.540312907,2024-02-17T03:24:00.000Z
urn:ngsi-ld:Sensor:Kitchen_Motion,0.991683029,2024-02-17T14:48:00.000Z
urn:ngsi-ld:Sensor:Mailroom_Motion,0.991683029,2024-02-17T14:48:00.000Z
urn:ngsi-ld:Sensor:Kitchen_Motion,0.68862069,2024-02-18T02:12:00.000Z
urn:ngsi-ld:Sensor:Mailroom_Motion,0.68862069,2024-02-18T02:12:00.000Z
urn:ngsi-ld:Sensor:Lab_Motion,0.5,2024-02-18T13:36:00.000Z
urn:ngsi-ld:Sensor:Kitchen_Motion,0.332275204,2024-02-18T13:36:00.000Z
urn:ngsi-ld:Sensor:Mailroom_Motion,0.332275204,2024-02-18T13:36:00.000Z
urn:ngsi-ld:Sensor:Lab_Motion,0.505154639,2024-02-19T01:00:00.000Z
urn:ngsi-ld:Sensor:Kitchen_Motion,0.455384615,2024-02-19T01:00:00.000Z
urn:ngsi-ld:Sensor:Mailroom_Motion,0.455384615,2024-02-19T01:00:00.000Z
urn:ngsi-ld:Sensor:Lab_Motion,0.496350365,2024-02-19T12:24:00.000Z
urn:ngsi-ld:Sensor:Kitchen_Motion,0.977319688,2024-02-19T12:24:00.000Z
urn:ngsi-ld:Sensor:Mailroom_Motion,0.977319688,2024-02-19T12:24:00.000Z
urn:ngsi-ld:Sensor:Lab_Motion,0.5,2024-02-19T23:48:00.000Z
urn:ngsi-ld:Sensor:Kitchen_Motion,0.54884106,2024-02-19T23:48:00.000Z
urn:ngsi-ld:Sensor:Mailroom_Motion,0.54884106,2024-02-19T23:48:00.000Z
urn:ngsi-ld:Sensor:Lab_Motion,0.5,2024-02-20T11:12:00.000Z
urn:ngsi-ld:Sensor:Kitchen_Motion,0.519719544,2024-02-20T11:12:00.000Z
urn:ngsi-ld:Sensor:Mailroom_Motion,0.519719544,2024-02-20T11:12:00.000Z
urn:ngsi-ld:Sensor:Lab_Motion,0.508474576,2024-02-20T22:36:00.000Z
urn:ngsi-ld:Sensor:Kitchen_Motion,0.408083832,2024-02-20T22:36:00.000Z
urn:ngsi-ld:Sensor:Mailroom_Motion,0.408083832,2024-02-20T22:36:00.000Z
urn:ngsi-ld:Sensor:Lab_Motion,0.497435897,2024-02-21T10:00:00.000Z
urn:ngsi-ld:Sensor:Kitchen_Motion,0.942342342,2024-02-21T10:00:00.000Z
urn:ngsi-ld:Sensor:Mailroom_Motion,0.942342342,2024-02-21T10:00:00.000Z
urn:ngsi-ld:Sensor:Lab_Motion,0.5,2024-02-21T21:24:00.000Z
urn:ngsi-ld:Sensor:Kitchen_Motion,0.295230978,2024-02-21T21:24:00.000Z
urn:ngsi-ld:Sensor:Mailroom_Motion,0.295230978,2024-02-21T21:24:00.000Z
urn:ngsi-ld:Sensor:Lab_Motion,0.502164502,2024-02-22T08:48:00.000Z
urn:ngsi-ld:Sensor:Kitchen_Motion,1.009138439,2024-02-22T08:48:00.000Z
urn:ngsi-ld:Sensor:Mailroom_Motion,1.009138439,2024-02-22T08:48:00.000Z
urn:ngsi-ld:Sensor:Kitchen_Motion,0.353153014,2024-02-22T20:12:00.000Z
urn:ngsi-ld:Sensor:Mailroom_Motion,0.353153014,2024-02-22T20:12:00.000Z
urn:ngsi-ld:Sensor:Kitchen_Motion,1.174209861,2024-02-23T07:36:00.000Z
urn:ngsi-ld:Sensor:Mailroom_Motion,1.174209861,2024-02-23T07:36:00.000Z
urn:ngsi-ld:Sensor:Kitchen_Motion,0.215901899,2024-02-23T19:00:00.000Z
urn:ngsi-ld:Sensor:Mailroom_Motion,0.215901899,2024-02-23T19:00:00.000Z
urn:ngsi-ld:Sensor:Kitchen_Motion,0.792622549,2024-02-24T06:24:00.000Z
urn:ngsi-ld:Sensor:Mailroom_Motion,0.792622549,2024-02-24T06:24:00.000Z
urn:ngsi-ld:Sensor:Kitchen_Motion,0.232795527,2024-02-24T17:48:00.000Z
urn:ngsi-ld:Sensor:Mailroom_Motion,0.232795527,2024-02-24T17:48:00.000Z
urn:ngsi-ld:Sensor:Kitchen_Motion,0.611052632,2024-02-25T05:12:00.000Z
urn:ngsi-ld:Sensor:Mailroom_Motion,0.611052632,2024-02-25T05:12:00.000Z
urn:ngsi-ld:Sensor:Kitchen_Motion,1.090092166,2024-02-25T16:36:00.000Z
urn:ngsi-ld:Sensor:Mailroom_Motion,1.090092166,2024-02-25T16:36:00.000Z
urn:ngsi-ld:Sensor:Lab_Motion,0.502487562,2024-02-26T04:00:00.000Z
urn:ngsi-ld:Sensor:Kitchen_Motion,0.698456742,2024-02-26T04:00:00.000Z
urn:ngsi-ld:Sensor:Mailroom_Motion,0.698456742,2024-02-26T04:00:00.000Z
urn:ngsi-ld:Sensor:Lab_Motion,0.492753623,2024-02-26T15:24:00.000Z
urn:ngsi-ld:Sensor:Kitchen_Motion,0.33559466,2024-02-26T15:24:00.000Z
urn:ngsi-ld:Sensor:Mailroom_Motion,0.33559466,2024-02-26T15:24:00.000Z
urn:ngsi-ld:Sensor:Lab_Motion,0.502824859,2024-02-27T02:48:00.000Z
urn:ngsi-ld:Sensor:Kitchen_Motion,0.593391154,2024-02-27T02:48:00.000Z
urn:ngsi-ld:Sensor:Mailroom_Motion,0.593391154,2024-02-27T02:48:00.000Z
urn:ngsi-ld:Sensor:Lab_Motion,0.495238095,2024-02-27T14:12:00.000Z
urn:ngsi-ld:Sensor:Kitchen_Motion,0.952591006,2024-02-27T14:12:00.000Z
urn:ngsi-ld:Sensor:Mailroom_Motion,0.952591006,2024-02-27T14:12:00.000Z
urn:ngsi-ld:Sensor:Lab_Motion,0.502673797,2024-02-28T01:36:00.000Z
urn:ngsi-ld:Sensor:Kitchen_Motion,0.711665158,2024-02-28T01:36:00.000Z
urn:ngsi-ld:Sensor:Mailroom_Motion,0.711665158,2024-02-28T01:36:00.000Z
urn:ngsi-ld:Sensor:Lab_Motion,0.494949495,2024-02-28T13:00:00.000Z
urn:ngsi-ld:Sensor:Kitchen_Motion,0.404024267,2024-02-28T13:00:00.000Z
urn:ngsi-ld:Sensor:Mailroom_Motion,0.404024267,2024-02-28T13:00:00.000Z
urn:ngsi-ld:Sensor:Lab_Motion,0.503448276,2024-02-29T00:24:00.000Z
urn:ngsi-ld:Sensor:Kitchen_Motion,0.468486056,2024-02-29T00:24:00.000Z
urn:ngsi-ld:Sensor:Mailroom_Motion,0.468486056,2024-02-29T00:24:00.000Z
urn:ngsi-ld:Sensor:Lab_Motion,0.495798319,2024-02-29T11:48:00.000Z
urn:ngsi-ld:Sensor:Kitchen_Motion,1.050896947,2024-02-29T11:48:00.000Z
urn:ngsi-ld:Sensor:Mailroom_Motion,1.050896947,2024-02-29T11:48:00.000Z
urn:ngsi-ld:Sensor:Kitchen_Motion,0.588878924,2024-02-29T23:12:00.000Z
urn:ngsi-ld:Sensor:Mailroom_Motion,0.588878924,2024-02-29T23:12:00.000Z
urn:ngsi-ld:Sensor:Kitchen_Motion,0.577662517,2024-03-01T10:36:00.000Z
urn:ngsi-ld:Sensor:Kitchen_Motion,0.408627451,2024-03-01T22:00:00.000Z
urn:ngsi-ld:Sensor:Mailroom_Motion,0.408627451,2024-03-01T22:00:00.000Z
urn:ngsi-ld:Sensor:Kitchen_Motion,1.256710183,2024-03-02T09:24:00.000Z
urn:ngsi-ld:Sensor:Mailroom_Motion,1.256710183,2024-03-02T09:24:00.000Z
urn:ngsi-ld:Sensor:Kitchen_Motion,0.276842105,2024-03-02T20:48:00.000Z
urn:ngsi-ld:Sensor:Mailroom_Motion,0.276842105,2024-03-02T20:48:00.000Z
urn:ngsi-ld:Sensor:Kitchen_Motion,0.831666667,2024-03-03T08:12:00.000Z
urn:ngsi-ld:Sensor:Mailroom_Motion,0.831666667,2024-03-03T08:12:00.000Z
urn:ngsi-ld:Sensor:Kitchen_Motion,0.222047244,2024-03-03T19:36:00.000Z
urn:ngsi-ld:Sensor:Mailroom_Motion,0.222047244,2024-03-03T19:36:00.000Z
urn:ngsi-ld:Sensor:Lab_Motion,0.5,2024-03-04T07:00:00.000Z
urn:ngsi-ld:Sensor:Kitchen_Motion,1.050414402,2024-03-04T07:00:00.000Z
urn:ngsi-ld:Sensor:Mailroom_Motion,1.050414402,2024-03-04T07:00:00.000Z
urn:ngsi-ld:Sensor:Kitchen_Motion,0.238595041,2024-03-04T18:24:00.000Z
urn:ngsi-ld:Sensor:Mailroom_Motion,0.238595041,2024-03-04T18:24:00.000Z
urn:ngsi-ld:Sensor:Lab_Motion,0.5,2024-03-05T05:48:00.000Z
urn:ngsi-ld:Sensor:Kitchen_Motion,0.650803242,2024-03-05T05:48:00.000Z
urn:ngsi-ld:Sensor:Kitchen_Motion,0.267101227,2024-03-05T17:12:00.000Z
urn:ngsi-ld:Sensor:Mailroom_Motion,0.267101227,2024-03-05T17:12:00.000Z
urn:ngsi-ld:Sensor:Lab_Motion,0.5,2024-03-06T04:36:00.000Z
urn:ngsi-ld:Sensor:Kitchen_Motion,0.647130045,2024-03-06T04:36:00.000Z
urn:ngsi-ld:Sensor:Mailroom_Motion,0.647130045,2024-03-06T04:36:00.000Z
urn:ngsi-ld:Sensor:Lab_Motion,0.5,2024-03-06T16:00:00.000Z
urn:ngsi-ld:Sensor:Kitchen_Motion,1.027818411,2024-03-06T16:00:00.000Z
urn:ngsi-ld:Sensor:Mailroom_Motion,1.027818411,2024-03-06T16:00:00.000Z
urn:ngsi-ld:Sensor:Lab_Motion,0.502645503,2024-03-07T03:24:00.000Z
urn:ngsi-ld:Sensor:Kitchen_Motion,0.658980355,2024-03-07T03:24:00.000Z
urn:ngsi-ld:Sensor:Mailroom_Motion,0.658980355,2024-03-07T03:24:00.000Z
urn:ngsi-ld:Sensor:Lab_Motion,0.492063492,2024-03-07T14:48:00.000Z
urn:ngsi-ld:Sensor:Kitchen_Motion,0.330237248,2024-03-07T14:48:00.000Z
urn:ngsi-ld:Sensor:Mailroom_Motion,0.330237248,2024-03-07T14:48:00.000Z
urn:ngsi-ld:Sensor:Kitchen_Motion,0.374233379,2024-03-08T02:12:00.000Z
urn:ngsi-ld:Sensor:Mailroom_Motion,0.374233379,2024-03-08T02:12:00.000Z
urn:ngsi-ld:Sensor:Kitchen_Motion,1.319390071,2024-03-08T13:36:00.000Z
urn:ngsi-ld:Sensor:Mailroom_Motion,1.319390071,2024-03-08T13:36:00.000Z
urn:ngsi-ld:Sensor:Kitchen_Motion,0.688447802,2024-03-09T01:00:00.000Z
urn:ngsi-ld:Sensor:Mailroom_Motion,0.688447802,2024-03-09T01:00:00.000Z
urn:ngsi-ld:Sensor:Mailroom_Motion,0.354713656,2024-03-09T12:24:00.000Z
urn:ngsi-ld:Sensor:Kitchen_Motion,0.299026946,2024-03-09T23:48:00.000Z
urn:ngsi-ld:Sensor:Mailroom_Motion,0.299026946,2024-03-09T23:48:00.000Z
urn:ngsi-ld:Sensor:Kitchen_Motion,1.394055637,2024-03-10T11:12:00.000Z
urn:ngsi-ld:Sensor:Lab_Motion,0.5,2024-03-10T22:36:00.000Z
urn:ngsi-ld:Sensor:Kitchen_Motion,0.296123348,2024-03-10T22:36:00.000Z
urn:ngsi-ld:Sensor:Mailroom_Motion,0.296123348,2024-03-10T22:36:00.000Z
urn:ngsi-ld:Sensor:Lab_Motion,0.5,2024-03-11T10:00:00.000Z
urn:ngsi-ld:Sensor:Kitchen_Motion,0.668090186,2024-03-11T10:00:00.000Z
urn:ngsi-ld:Sensor:Mailroom_Motion,0.668090186,2024-03-11T10:00:00.000Z
urn:ngsi-ld:Sensor:Lab_Motion,0.538461538,2024-03-11T21:24:00.000Z
urn:ngsi-ld:Sensor:Kitchen_Motion,0.294052863,2024-03-11T21:24:00.000Z
urn:ngsi-ld:Sensor:Mailroom_Motion,0.294052863,2024-03-11T21:24:00.000Z
urn:ngsi-ld:Sensor:Lab_Motion,0.497716895,2024-03-12T08:48:00.000Z
urn:ngsi-ld:Sensor:Kitchen_Motion,1.159853659,2024-03-12T08:48:00.000Z
urn:ngsi-ld:Sensor:Kitchen_Motion,0.258385185,2024-03-12T20:12:00.000Z
urn:ngsi-ld:Sensor:Mailroom_Motion,0.258385185,2024-03-12T20:12:00.000Z
urn:ngsi-ld:Sensor:Lab_Motion,0.5,2024-03-13T07:36:00.000Z
urn:ngsi-ld:Sensor:Kitchen_Motion,0.748946878,2024-03-13T07:36:00.000Z
urn:ngsi-ld:Sensor:Mailroom_Motion,0.748946878,2024-03-13T07:36:00.000Z
urn:ngsi-ld:Sensor:Kitchen_Motion,0.22171799,2024-03-13T19:00:00.000Z
urn:ngsi-ld:Sensor:Mailroom_Motion,0.22171799,2024-03-13T19:00:00.000Z
urn:ngsi-ld:Sensor:Lab_Motion,0.5,2024-03-14T06:24:00.000Z
urn:ngsi-ld:Sensor:Kitchen_Motion,1.063156425,2024-03-14T06:24:00.000Z
urn:ngsi-ld:Sensor:Mailroom_Motion,1.063156425,2024-03-14T06:24:00.000Z
urn:ngsi-ld:Sensor:Kitchen_Motion,0.339319899,2024-03-14T17:48:00.000Z
urn:ngsi-ld:Sensor:Mailroom_Motion,0.339319899,2024-03-14T17:48:00.000Z
urn:ngsi-ld:Sensor:Kitchen_Motion,1.09753876,2024-03-15T05:12:00.000Z
urn:ngsi-ld:Sensor:Mailroom_Motion,1.09753876,2024-03-15T05:12:00.000Z
urn:ngsi-ld:Sensor:Kitchen_Motion,0.379779951,2024-03-15T16:36:00.000Z
urn:ngsi-ld:Sensor:Mailroom_Motion,0.379779951,2024-03-15T16:36:00.000Z
urn:ngsi-ld:Sensor:Kitchen_Motion,0.730347985,2024-03-16T04:00:00.000Z
urn:ngsi-ld:Sensor:Mailroom_Motion,0.730347985,2024-03-16T04:00:00.000Z
urn:ngsi-ld:Sensor:Kitchen_Motion,2.179068736,2024-03-16T15:24:00.000Z
urn:ngsi-ld:Sensor:Mailroom_Motion,2.179068736,2024-03-16T15:24:00.000Z
urn:ngsi-ld:Sensor:Kitchen_Motion,2.44591453,2024-03-17T02:48:00.000Z
urn:ngsi-ld:Sensor:Mailroom_Motion,2.44591453,2024-03-17T02:48:00.000Z
urn:ngsi-ld:Sensor:Kitchen_Motion,0.444323144,2024-03-17T14:12:00.000Z
urn:ngsi-ld:Sensor:Mailroom_Motion,0.444323144,2024-03-17T14:12:00.000Z
urn:ngsi-ld:Sensor:Lab_Motion,0.503546099,2024-03-18T01:36:00.000Z
urn:ngsi-ld:Sensor:Kitchen_Motion,0.606079365,2024-03-18T01:36:00.000Z
urn:ngsi-ld:Sensor:Mailroom_Motion,0.606079365,2024-03-18T01:36:00.000Z
urn:ngsi-ld:Sensor:Lab_Motion,0.493670886,2024-03-18T13:00:00.000Z
urn:ngsi-ld:Sensor:Kitchen_Motion,1.447037618,2024-03-18T13:00:00.000Z
urn:ngsi-ld:Sensor:Mailroom_Motion,1.447037618,2024-03-18T13:00:00.000Z
urn:ngsi-ld:Sensor:Lab_Motion,0.505263158,2024-03-19T00:24:00.000Z
urn:ngsi-ld:Sensor:Kitchen_Motion,0.919757576,2024-03-19T00:24:00.000Z
urn:ngsi-ld:Sensor:Mailroom_Motion,0.919757576,2024-03-19T00:24:00.000Z
urn:ngsi-ld:Sensor:Lab_Motion,0.495867769,2024-03-19T11:48:00.000Z
urn:ngsi-ld:Sensor:Kitchen_Motion,0.399104938,2024-03-19T11:48:00.000Z
urn:ngsi-ld:Sensor:Mailroom_Motion,0.399104938,2024-03-19T11:48:00.000Z
urn:ngsi-ld:Sensor:Lab_Motion,0.5,2024-03-19T23:12:00.000Z
urn:ngsi-ld:Sensor:Kitchen_Motion,0.350316456,2024-03-19T23:12:00.000Z
urn:ngsi-ld:Sensor:Mailroom_Motion,0.350316456,2024-03-19T23:12:00.000Z
urn:ngsi-ld:Sensor:Lab_Motion,0.5,2024-03-20T10:36:00.000Z
urn:ngsi-ld:Sensor:Kitchen_Motion,0.998975564,2024-03-20T10:36:00.000Z
urn:ngsi-ld:Sensor:Mailroom_Motion,0.998975564,2024-03-20T10:36:00.000Z
urn:ngsi-ld:Sensor:Lab_Motion,0.5,2024-03-20T22:00:00.000Z
urn:ngsi-ld:Sensor:Kitchen_Motion,0.314309392,2024-03-20T22:00:00.000Z
urn:ngsi-ld:Sensor:Mailroom_Motion,0.314309392,2024-03-20T22:00:00.000Z
urn:ngsi-ld:Sensor:Lab_Motion,0.5,2024-03-21T09:24:00.000Z
urn:ngsi-ld:Sensor:Kitchen_Motion,0.63255658,2024-03-21T09:24:00.000Z
urn:ngsi-ld:Sensor:Mailroom_Motion,0.63255658,2024-03-21T09:24:00.000Z
urn:ngsi-ld:Sensor:Kitchen_Motion,0.295963581,2024-03-21T20:48:00.000Z
urn:ngsi-ld:Sensor:Mailroom_Motion,0.295963581,2024-03-21T20:48:00.000Z
urn:ngsi-ld:Sensor:Kitchen_Motion,1.227803922,2024-03-22T08:12:00.000Z
urn:ngsi-ld:Sensor:Mailroom_Motion,1.227803922,2024-03-22T08:12:00.000Z
urn:ngsi-ld:Sensor:Kitchen_Motion,0.254526814,2024-03-22T19:36:00.000Z
urn:ngsi-ld:Sensor:Mailroom_Motion,0.254526814,2024-03-22T19:36:00.000Z
urn:ngsi-ld:Sensor:Kitchen_Motion,0.74086747,2024-03-23T07:00:00.000Z
urn:ngsi-ld:Sensor:Mailroom_Motion,0.74086747,2024-03-23T07:00:00.000Z
urn:ngsi-ld:Sensor:Mailroom_Motion,0.222766296,2024-03-23T18:24:00.000Z
urn:ngsi-ld:Sensor:Kitchen_Motion,1.214364508,2024-03-24T05:48:00.000Z
urn:ngsi-ld:Sensor:Kitchen_Motion,0.257732919,2024-03-24T17:12:00.000Z
urn:ngsi-ld:Sensor:Mailroom_Motion,0.257732919,2024-03-24T17:12:00.000Z
urn:ngsi-ld:Sensor:Lab_Motion,0.5,2024-03-25T04:36:00.000Z
urn:ngsi-ld:Sensor:Kitchen_Motion,0.671705069,2024-03-25T04:36:00.000Z
urn:ngsi-ld:Sensor:Mailroom_Motion,0.671705069,2024-03-25T04:36:00.000Z
urn:ngsi-ld:Sensor:Lab_Motion,0.5,2024-03-25T16:00:00.000Z
urn:ngsi-ld:Sensor:Kitchen_Motion,0.268603269,2024-03-25T16:00:00.000Z
urn:ngsi-ld:Sensor:Mailroom_Motion,0.268603269,2024-03-25T16:00:00.000Z
urn:ngsi-ld:Sensor:Lab_Motion,0.5,2024-03-26T03:24:00.000Z
urn:ngsi-ld:Sensor:Kitchen_Motion,0.441640379,2024-03-26T03:24:00.000Z
urn:ngsi-ld:Sensor:Mailroom_Motion,0.441640379,2024-03-26T03:24:00.000Z
urn:ngsi-ld:Sensor:Lab_Motion,0.5,2024-03-26T14:48:00.000Z
urn:ngsi-ld:Sensor:Kitchen_Motion,1.201709402,2024-03-26T14:48:00.000Z
urn:ngsi-ld:Sensor:Lab_Motion,0.5,2024-03-27T02:12:00.000Z
urn:ngsi-ld:Sensor:Kitchen_Motion,0.707726776,2024-03-27T02:12:00.000Z
urn:ngsi-ld:Sensor:Mailroom_Motion,0.707726776,2024-03-27T02:12:00.000Z
urn:ngsi-ld:Sensor:Lab_Motion,0.5,2024-03-27T13:36:00.000Z
urn:ngsi-ld:Sensor:Kitchen_Motion,0.333610354,2024-03-27T13:36:00.000Z
urn:ngsi-ld:Sensor:Mailroom_Motion,0.333610354,2024-03-27T13:36:00.000Z
urn:ngsi-ld:Sensor:Lab_Motion,0.504201681,2024-03-28T01:00:00.000Z
urn:ngsi-ld:Sensor:Kitchen_Motion,0.399279811,2024-03-28T01:00:00.000Z
urn:ngsi-ld:Sensor:Mailroom_Motion,0.399279811,2024-03-28T01:00:00.000Z
urn:ngsi-ld:Sensor:Lab_Motion,0.496503497,2024-03-28T12:24:00.000Z
urn:ngsi-ld:Sensor:Kitchen_Motion,1.121997717,2024-03-28T12:24:00.000Z
urn:ngsi-ld:Sensor:Mailroom_Motion,1.121997717,2024-03-28T12:24:00.000Z
urn:ngsi-ld:Sensor:Kitchen_Motion,0.740193638,2024-03-28T23:48:00.000Z
urn:ngsi-ld:Sensor:Mailroom_Motion,0.740193638,2024-03-28T23:48:00.000Z
urn:ngsi-ld:Sensor:Kitchen_Motion,0.369812139,2024-03-29T11:12:00.000Z
urn:ngsi-ld:Sensor:Mailroom_Motion,0.369812139,2024-03-29T11:12:00.000Z
urn:ngsi-ld:Sensor:Kitchen_Motion,0.349122542,2024-03-29T22:36:00.000Z
urn:ngsi-ld:Sensor:Mailroom_Motion,0.349122542,2024-03-29T22:36:00.000Z
urn:ngsi-ld:Sensor:Lab_Motion,0.5,2024-03-30T10:00:00.000Z
urn:ngsi-ld:Sensor:Kitchen_Motion,1.223192848,2024-03-30T10:00:00.000Z
urn:ngsi-ld:Sensor:Mailroom_Motion,1.223192848,2024-03-30T10:00:00.000Z
urn:ngsi-ld:Sensor:Kitchen_Motion,0.28065449,2024-03-30T21:24:00.000Z
urn:ngsi-ld:Sensor:Mailroom_Motion,0.28065449,2024-03-30T21:24:00.000Z
urn:ngsi-ld:Sensor:Kitchen_Motion,0.40256447,2024-03-31T08:48:00.000Z
urn:ngsi-ld:Sensor:Mailroom_Motion,0.40256447,2024-03-31T08:48:00.000Z
urn:ngsi-ld:Sensor:Kitchen_Motion,0.262464455,2024-03-31T20:12:00.000Z
urn:ngsi-ld:Sensor:Mailroom_Motion,0.262464455,2024-03-31T20:12:00.000Z
urn:ngsi-ld:Sensor:Lab_Motion,0.5,2024-04-01T07:36:00.000Z
urn:ngsi-ld:Sensor:Kitchen_Motion,0.428764045,2024-04-01T07:36:00.000Z
urn:ngsi-ld:Sensor:Mailroom_Motion,0.428764045,2024-04-01T07:36:00.000Z
urn:ngsi-ld:Sensor:Kitchen_Motion,0.212331691,2024-04-01T19:00:00.000Z
urn:ngsi-ld:Sensor:Mailroom_Motion,0.212331691,2024-04-01T19:00:00.000Z
urn:ngsi-ld:Sensor:Lab_Motion,0.5,2024-04-02T06:24:00.000Z
urn:ngsi-ld:Sensor:Kitchen_Motion,0.445930599,2024-04-02T06:24:00.000Z
urn:ngsi-ld:Sensor:Mailroom_Motion,0.445930599,2024-04-02T06:24:00.000Z
urn:ngsi-ld:Sensor:Kitchen_Motion,0.253172303,2024-04-02T17:48:00.000Z
urn:ngsi-ld:Sensor:Mailroom_Motion,0.253172303,2024-04-02T17:48:00.000Z
urn:ngsi-ld:Sensor:Lab_Motion,0.5,2024-04-03T05:12:00.000Z
urn:ngsi-ld:Sensor:Kitchen_Motion,0.419606936,2024-04-03T05:12:00.000Z
urn:ngsi-ld:Sensor:Mailroom_Motion,0.419606936,2024-04-03T05:12:00.000Z
urn:ngsi-ld:Sensor:Kitchen_Motion,0.2661875,2024-04-03T16:36:00.000Z
urn:ngsi-ld:Sensor:Mailroom_Motion,0.2661875,2024-04-03T16:36:00.000Z
urn:ngsi-ld:Sensor:Lab_Motion,0.5,2024-04-04T04:00:00.000Z
urn:ngsi-ld:Sensor:Kitchen_Motion,0.413934978,2024-04-04T04:00:00.000Z
urn:ngsi-ld:Sensor:Mailroom_Motion,0.413934978,2024-04-04T04:00:00.000Z
urn:ngsi-ld:Sensor:Lab_Motion,0.5,2024-04-04T15:24:00.000Z
urn:ngsi-ld:Sensor:Kitchen_Motion,0.316288089,2024-04-04T15:24:00.000Z
urn:ngsi-ld:Sensor:Mailroom_Motion,0.316288089,2024-04-04T15:24:00.000Z
urn:ngsi-ld:Sensor:Kitchen_Motion,0.368047753,2024-04-05T02:48:00.000Z
urn:ngsi-ld:Sensor:Mailroom_Motion,0.368047753,2024-04-05T02:48:00.000Z
urn:ngsi-ld:Sensor:Mailroom_Motion,0.308130435,2024-04-05T14:12:00.000Z
urn:ngsi-ld:Sensor:Kitchen_Motion,0.365062937,2024-04-06T01:36:00.000Z
urn:ngsi-ld:Sensor:Mailroom_Motion,0.365062937,2024-04-06T01:36:00.000Z
urn:ngsi-ld:Sensor:Kitchen_Motion,0.35248927,2024-04-06T13:00:00.000Z
urn:ngsi-ld:Sensor:Mailroom_Motion,0.35248927,2024-04-06T13:00:00.000Z
urn:ngsi-ld:Sensor:Kitchen_Motion,0.333672316,2024-04-07T00:24:00.000Z
urn:ngsi-ld:Sensor:Mailroom_Motion,0.333672316,2024-04-07T00:24:00.000Z
urn:ngsi-ld:Sensor:Kitchen_Motion,0.345322359,2024-04-07T11:48:00.000Z
urn:ngsi-ld:Sensor:Mailroom_Motion,0.345322359,2024-04-07T11:48:00.000Z
urn:ngsi-ld:Sensor:Kitchen_Motion,0.323145401,2024-04-07T23:12:00.000Z
urn:ngsi-ld:Sensor:Mailroom_Motion,0.323145401,2024-04-07T23:12:00.000Z
urn:ngsi-ld:Sensor:Kitchen_Motion,0.414624829,2024-04-08T10:36:00.000Z
urn:ngsi-ld:Sensor:Mailroom_Motion,0.414624829,2024-04-08T10:36:00.000Z
urn:ngsi-ld:Sensor:Kitchen_Motion,0.282647929,2024-04-08T22:00:00.000Z
urn:ngsi-ld:Sensor:Mailroom_Motion,0.282647929,2024-04-08T22:00:00.000Z
urn:ngsi-ld:Sensor:Kitchen_Motion,0.388071135,2024-04-09T09:24:00.000Z
urn:ngsi-ld:Sensor:Mailroom_Motion,0.388071135,2024-04-09T09:24:00.000Z
urn:ngsi-ld:Sensor:Kitchen_Motion,0.262979719,2024-04-09T20:48:00.000Z
urn:ngsi-ld:Sensor:Mailroom_Motion,0.262979719,2024-04-09T20:48:00.000Z
urn:ngsi-ld:Sensor:Kitchen_Motion,0.445302632,2024-04-10T08:12:00.000Z
urn:ngsi-ld:Sensor:Mailroom_Motion,0.445302632,2024-04-10T08:12:00.000Z
urn:ngsi-ld:Sensor:Kitchen_Motion,0.244162754,2024-04-10T19:36:00.000Z
urn:ngsi-ld:Sensor:Mailroom_Motion,0.244162754,2024-04-10T19:36:00.000Z
urn:ngsi-ld:Sensor:Kitchen_Motion,0.421097561,2024-04-11T07:00:00.000Z
urn:ngsi-ld:Sensor:Mailroom_Motion,0.421097561,2024-04-11T07:00:00.000Z
urn:ngsi-ld:Sensor:Mailroom_Motion,0.208526149,2024-04-11T18:24:00.000Z
urn:ngsi-ld:Sensor:Kitchen_Motion,0.485664516,2024-04-12T05:48:00.000Z
urn:ngsi-ld:Sensor:Mailroom_Motion,0.485664516,2024-04-12T05:48:00.000Z
urn:ngsi-ld:Sensor:Kitchen_Motion,0.241725806,2024-04-12T17:12:00.000Z
urn:ngsi-ld:Sensor:Kitchen_Motion,0.384437086,2024-04-13T04:36:00.000Z
urn:ngsi-ld:Sensor:Mailroom_Motion,0.384437086,2024-04-13T04:36:00.000Z
urn:ngsi-ld:Sensor:Kitchen_Motion,0.279861538,2024-04-13T16:00:00.000Z
urn:ngsi-ld:Sensor:Mailroom_Motion,0.279861538,2024-04-13T16:00:00.000Z
urn:ngsi-ld:Sensor:Kitchen_Motion,0.413836735,2024-04-14T03:24:00.000Z
urn:ngsi-ld:Sensor:Mailroom_Motion,0.413836735,2024-04-14T03:24:00.000Z
urn:ngsi-ld:Sensor:Kitchen_Motion,0.349970845,2024-04-14T14:48:00.000Z
urn:ngsi-ld:Sensor:Lab_Motion,0.503649635,2024-04-15T02:12:00.000Z
urn:ngsi-ld:Sensor:Kitchen_Motion,0.421886792,2024-04-15T02:12:00.000Z
urn:ngsi-ld:Sensor:Mailroom_Motion,0.421886792,2024-04-15T02:12:00.000Z
urn:ngsi-ld:Sensor:Lab_Motion,0.494845361,2024-04-15T13:36:00.000Z
urn:ngsi-ld:Sensor:Kitchen_Motion,0.36904703,2024-04-15T13:36:00.000Z
urn:ngsi-ld:Sensor:Mailroom_Motion,0.36904703,2024-04-15T13:36:00.000Z
urn:ngsi-ld:Sensor:Mailroom_Motion,0.391347222,2024-04-16T01:00:00.000Z
urn:ngsi-ld:Sensor:Kitchen_Motion,0.390535211,2024-04-16T12:24:00.000Z
urn:ngsi-ld:Sensor:Mailroom_Motion,0.390535211,2024-04-16T12:24:00.000Z
urn:ngsi-ld:Sensor:Kitchen_Motion,0.338743316,2024-04-16T23:48:00.000Z
urn:ngsi-ld:Sensor:Mailroom_Motion,0.338743316,2024-04-16T23:48:00.000Z
urn:ngsi-ld:Sensor:Lab_Motion,0.492957746,2024-04-17T11:12:00.000Z
urn:ngsi-ld:Sensor:Kitchen_Motion,0.387625628,2024-04-17T11:12:00.000Z
urn:ngsi-ld:Sensor:Mailroom_Motion,0.387625628,2024-04-17T11:12:00.000Z
urn:ngsi-ld:Sensor:Kitchen_Motion,0.313949329,2024-04-17T22:36:00.000Z
urn:ngsi-ld:Sensor:Mailroom_Motion,0.313949329,2024-04-17T22:36:00.000Z
urn:ngsi-ld:Sensor:Lab_Motion,0.5,2024-04-18T10:00:00.000Z
urn:ngsi-ld:Sensor:Kitchen_Motion,0.497927632,2024-04-18T10:00:00.000Z
urn:ngsi-ld:Sensor:Mailroom_Motion,0.497927632,2024-04-18T10:00:00.000Z
urn:ngsi-ld:Sensor:Kitchen_Motion,0.295321375,2024-04-18T21:24:00.000Z
urn:ngsi-ld:Sensor:Mailroom_Motion,0.295321375,2024-04-18T21:24:00.000Z
urn:ngsi-ld:Sensor:Kitchen_Motion,0.393218543,2024-04-19T08:48:00.000Z
urn:ngsi-ld:Sensor:Mailroom_Motion,0.393218543,2024-04-19T08:48:00.000Z
urn:ngsi-ld:Sensor:Kitchen_Motion,0.272526799,2024-04-19T20:12:00.000Z
urn:ngsi-ld:Sensor:Mailroom_Motion,0.272526799,2024-04-19T20:12:00.000Z
urn:ngsi-ld:Sensor:Lab_Motion,0.5,2024-04-20T07:36:00.000Z
urn:ngsi-ld:Sensor:Kitchen_Motion,0.519761307,2024-04-20T07:36:00.000Z
urn:ngsi-ld:Sensor:Mailroom_Motion,0.519761307,2024-04-20T07:36:00.000Z
urn:ngsi-ld:Sensor:Kitchen_Motion,0.236901408,2024-04-20T19:00:00.000Z
urn:ngsi-ld:Sensor:Mailroom_Motion,0.236901408,2024-04-20T19:00:00.000Z
urn:ngsi-ld:Sensor:Kitchen_Motion,0.429211957,2024-04-21T06:24:00.000Z
urn:ngsi-ld:Sensor:Mailroom_Motion,0.429211957,2024-04-21T06:24:00.000Z
urn:ngsi-ld:Sensor:Kitchen_Motion,0.239908953,2024-04-21T17:48:00.000Z
urn:ngsi-ld:Sensor:Mailroom_Motion,0.239908953,2024-04-21T17:48:00.000Z
urn:ngsi-ld:Sensor:Lab_Motion,0.5,2024-04-22T05:12:00.000Z
urn:ngsi-ld:Sensor:Kitchen_Motion,0.48268081,2024-04-22T05:12:00.000Z
urn:ngsi-ld:Sensor:Mailroom_Motion,0.48268081,2024-04-22T05:12:00.000Z
urn:ngsi-ld:Sensor:Lab_Motion,0.5,2024-04-22T16:36:00.000Z
urn:ngsi-ld:Sensor:Kitchen_Motion,0.342279942,2024-04-22T16:36:00.000Z
urn:ngsi-ld:Sensor:Mailroom_Motion,0.342279942,2024-04-22T16:36:00.000Z
urn:ngsi-ld:Sensor:Lab_Motion,0.503144654,2024-04-23T04:00:00.000Z
urn:ngsi-ld:Sensor:Kitchen_Motion,0.432523659,2024-04-23T04:00:00.000Z
urn:ngsi-ld:Sensor:Mailroom_Motion,0.432523659,2024-04-23T04:00:00.000Z
urn:ngsi-ld:Sensor:Lab_Motion,0.492537313,2024-04-23T15:24:00.000Z
urn:ngsi-ld:Sensor:Kitchen_Motion,0.324763833,2024-04-23T15:24:00.000Z
urn:ngsi-ld:Sensor:Mailroom_Motion,0.324763833,2024-04-23T15:24:00.000Z
urn:ngsi-ld:Sensor:Lab_Motion,0.503311258,2024-04-24T02:48:00.000Z
urn:ngsi-ld:Sensor:Kitchen_Motion,0.623017241,2024-04-24T02:48:00.000Z
urn:ngsi-ld:Sensor:Mailroom_Motion,0.623017241,2024-04-24T02:48:00.000Z
urn:ngsi-ld:Sensor:Lab_Motion,0.490566038,2024-04-24T14:12:00.000Z
urn:ngsi-ld:Sensor:Kitchen_Motion,0.413227092,2024-04-24T14:12:00.000Z
urn:ngsi-ld:Sensor:Mailroom_Motion,0.413227092,2024-04-24T14:12:00.000Z
urn:ngsi-ld:Sensor:Kitchen_Motion,0.659066511,2024-04-25T01:36:00.000Z
urn:ngsi-ld:Sensor:Mailroom_Motion,0.659066511,2024-04-25T01:36:00.000Z
urn:ngsi-ld:Sensor:Lab_Motion,0.5,2024-04-25T13:00:00.000Z
urn:ngsi-ld:Sensor:Kitchen_Motion,0.410984394,2024-04-25T13:00:00.000Z
urn:ngsi-ld:Sensor:Mailroom_Motion,0.410984394,2024-04-25T13:00:00.000Z
urn:ngsi-ld:Sensor:Kitchen_Motion,0.431136045,2024-04-26T00:24:00.000Z
urn:ngsi-ld:Sensor:Mailroom_Motion,0.431136045,2024-04-26T00:24:00.000Z
urn:ngsi-ld:Sensor:Kitchen_Motion,0.428106592,2024-04-26T11:48:00.000Z
urn:ngsi-ld:Sensor:Mailroom_Motion,0.428106592,2024-04-26T11:48:00.000Z
urn:ngsi-ld:Sensor:Kitchen_Motion,0.308393855,2024-04-26T23:12:00.000Z
urn:ngsi-ld:Sensor:Mailroom_Motion,0.308393855,2024-04-26T23:12:00.000Z
urn:ngsi-ld:Sensor:Kitchen_Motion,0.373337838,2024-04-27T10:36:00.000Z
urn:ngsi-ld:Sensor:Mailroom_Motion,0.373337838,2024-04-27T10:36:00.000Z
urn:ngsi-ld:Sensor:Kitchen_Motion,0.295142003,2024-04-27T22:00:00.000Z
urn:ngsi-ld:Sensor:Mailroom_Motion,0.295142003,2024-04-27T22:00:00.000Z
urn:ngsi-ld:Sensor:Kitchen_Motion,0.57734057,2024-04-28T09:24:00.000Z
urn:ngsi-ld:Sensor:Mailroom_Motion,0.57734057,2024-04-28T09:24:00.000Z
urn:ngsi-ld:Sensor:Kitchen_Motion,0.282088415,2024-04-28T20:48:00.000Z
urn:ngsi-ld:Sensor:Mailroom_Motion,0.282088415,2024-04-28T20:48:00.000Z
urn:ngsi-ld:Sensor:Lab_Motion,0.5,2024-04-29T08:12:00.000Z
urn:ngsi-ld:Sensor:Kitchen_Motion,0.528772242,2024-04-29T08:12:00.000Z
urn:ngsi-ld:Sensor:Mailroom_Motion,0.528772242,2024-04-29T08:12:00.000Z
urn:ngsi-ld:Sensor:Lab_Motion,0.5,2024-04-29T19:36:00.000Z
urn:ngsi-ld:Sensor:Mailroom_Motion,0.2562986,2024-04-29T19:36:00.000Z
urn:ngsi-ld:Sensor:Lab_Motion,0.50310559,2024-04-30T07:00:00.000Z
urn:ngsi-ld:Sensor:Kitchen_Motion,0.614730964,2024-04-30T07:00:00.000Z
urn:ngsi-ld:Sensor:Mailroom_Motion,0.614730964,2024-04-30T07:00:00.000Z
urn:ngsi-ld:Sensor:Lab_Motion,0.4,2024-04-30T18:24:00.000Z
urn:ngsi-ld:Sensor:Kitchen_Motion,0.227996918,2024-04-30T18:24:00.000Z
urn:ngsi-ld:Sensor:Mailroom_Motion,0.227996918,2024-04-30T18:24:00.000Z
urn:ngsi-ld:Sensor:Lab_Motion,0.501992032,2024-05-01T05:48:00.000Z
urn:ngsi-ld:Sensor:Kitchen_Motion,0.481849315,2024-05-01T05:48:00.000Z
urn:ngsi-ld:Sensor:Mailroom_Motion,0.481849315,2024-05-01T05:48:00.000Z
urn:ngsi-ld:Sensor:Lab_Motion,0.48,2024-05-01T17:12:00.000Z
urn:ngsi-ld:Sensor:Kitchen_Motion,0.262422452,2024-05-01T17:12:00.000Z
urn:ngsi-ld:Sensor:Mailroom_Motion,0.262422452,2024-05-01T17:12:00.000Z
urn:ngsi-ld:Sensor:Kitchen_Motion,0.517567917,2024-05-02T04:36:00.000Z
urn:ngsi-ld:Sensor:Mailroom_Motion,0.517567917,2024-05-02T04:36:00.000Z
urn:ngsi-ld:Sensor:Kitchen_Motion,0.384186747,2024-05-02T16:00:00.000Z
urn:ngsi-ld:Sensor:Mailroom_Motion,0.384186747,2024-05-02T16:00:00.000Z
urn:ngsi-ld:Sensor:Kitchen_Motion,0.376074766,2024-05-03T03:24:00.000Z
urn:ngsi-ld:Sensor:Mailroom_Motion,0.376074766,2024-05-03T03:24:00.000Z
urn:ngsi-ld:Sensor:Kitchen_Motion,0.306485714,2024-05-03T14:48:00.000Z
urn:ngsi-ld:Sensor:Mailroom_Motion,0.306485714,2024-05-03T14:48:00.000Z
urn:ngsi-ld:Sensor:Lab_Motion,0.5,2024-05-04T02:12:00.000Z
urn:ngsi-ld:Sensor:Kitchen_Motion,0.48693662,2024-05-04T02:12:00.000Z
urn:ngsi-ld:Sensor:Lab_Motion,0.5,2024-05-04T13:36:00.000Z
urn:ngsi-ld:Sensor:Kitchen_Motion,0.440686695,2024-05-04T13:36:00.000Z
urn:ngsi-ld:Sensor:Mailroom_Motion,0.440686695,2024-05-04T13:36:00.000Z
urn:ngsi-ld:Sensor:Kitchen_Motion,0.359635344,2024-05-05T01:00:00.000Z
urn:ngsi-ld:Sensor:Mailroom_Motion,0.359635344,2024-05-05T01:00:00.000Z
urn:ngsi-ld:Sensor:Lab_Motion,0.5,2024-05-05T12:24:00.000Z
urn:ngsi-ld:Sensor:Kitchen_Motion,0.359108368,2024-05-05T12:24:00.000Z
urn:ngsi-ld:Sensor:Mailroom_Motion,0.359108368,2024-05-05T12:24:00.000Z
urn:ngsi-ld:Sensor:Lab_Motion,0.5,2024-05-05T23:48:00.000Z
urn:ngsi-ld:Sensor:Kitchen_Motion,0.358091787,2024-05-05T23:48:00.000Z
urn:ngsi-ld:Sensor:Lab_Motion,0.5,2024-05-06T11:12:00.000Z
urn:ngsi-ld:Sensor:Kitchen_Motion,0.622867647,2024-05-06T11:12:00.000Z
urn:ngsi-ld:Sensor:Mailroom_Motion,0.622867647,2024-05-06T11:12:00.000Z
urn:ngsi-ld:Sensor:Lab_Motion,0.512195122,2024-05-06T22:36:00.000Z
urn:ngsi-ld:Sensor:Kitchen_Motion,0.332919509,2024-05-06T22:36:00.000Z
urn:ngsi-ld:Sensor:Mailroom_Motion,0.332919509,2024-05-06T22:36:00.000Z
urn:ngsi-ld:Sensor:Lab_Motion,0.49726776,2024-05-07T10:00:00.000Z
urn:ngsi-ld:Sensor:Kitchen_Motion,0.423237705,2024-05-07T10:00:00.000Z
urn:ngsi-ld:Sensor:Mailroom_Motion,0.423237705,2024-05-07T10:00:00.000Z
urn:ngsi-ld:Sensor:Lab_Motion,0.5,2024-05-07T21:24:00.000Z
urn:ngsi-ld:Sensor:Kitchen_Motion,0.301453488,2024-05-07T21:24:00.000Z
urn:ngsi-ld:Sensor:Mailroom_Motion,0.301453488,2024-05-07T21:24:00.000Z
urn:ngsi-ld:Sensor:Lab_Motion,0.5,2024-05-08T08:48:00.000Z
urn:ngsi-ld:Sensor:Kitchen_Motion,0.640582061,2024-05-08T08:48:00.000Z
urn:ngsi-ld:Sensor:Mailroom_Motion,0.640582061,2024-05-08T08:48:00.000Z
urn:ngsi-ld:Sensor:Kitchen_Motion,0.255911854,2024-05-08T20:12:00.000Z
urn:ngsi-ld:Sensor:Mailroom_Motion,0.255911854,2024-05-08T20:12:00.000Z
urn:ngsi-ld:Sensor:Lab_Motion,0.5,2024-05-09T07:36:00.000Z
urn:ngsi-ld:Sensor:Kitchen_Motion,0.466532417,2024-05-09T07:36:00.000Z
urn:ngsi-ld:Sensor:Mailroom_Motion,0.466532417,2024-05-09T07:36:00.000Z
urn:ngsi-ld:Sensor:Kitchen_Motion,0.230520833,2024-05-09T19:00:00.000Z
urn:ngsi-ld:Sensor:Mailroom_Motion,0.230520833,2024-05-09T19:00:00.000Z
urn:ngsi-ld:Sensor:Kitchen_Motion,0.72874677,2024-05-10T06:24:00.000Z
urn:ngsi-ld:Sensor:Lab_Motion,0.666666667,2024-05-10T17:48:00.000Z
urn:ngsi-ld:Sensor:Kitchen_Motion,0.255295903,2024-05-10T17:48:00.000Z
urn:ngsi-ld:Sensor:Mailroom_Motion,0.255295903,2024-05-10T17:48:00.000Z
urn:ngsi-ld:Sensor:Lab_Motion,0.428571429,2024-05-11T05:12:00.000Z
urn:ngsi-ld:Sensor:Kitchen_Motion,0.42183355,2024-05-11T05:12:00.000Z
urn:ngsi-ld:Sensor:Mailroom_Motion,0.42183355,2024-05-11T05:12:00.000Z
urn:ngsi-ld:Sensor:Mailroom_Motion,0.280819672,2024-05-11T16:36:00.000Z
urn:ngsi-ld:Sensor:Lab_Motion,0.5,2024-05-12T04:00:00.000Z
urn:ngsi-ld:Sensor:Kitchen_Motion,0.569753247,2024-05-12T04:00:00.000Z
urn:ngsi-ld:Sensor:Mailroom_Motion,0.569753247,2024-05-12T04:00:00.000Z
urn:ngsi-ld:Sensor:Lab_Motion,0.5,2024-05-12T15:24:00.000Z
urn:ngsi-ld:Sensor:Kitchen_Motion,0.436101449,2024-05-12T15:24:00.000Z
urn:ngsi-ld:Sensor:Mailroom_Motion,0.436101449,2024-05-12T15:24:00.000Z
urn:ngsi-ld:Sensor:Lab_Motion,0.5,2024-05-13T02:48:00.000Z
urn:ngsi-ld:Sensor:Kitchen_Motion,0.443887079,2024-05-13T02:48:00.000Z
urn:ngsi-ld:Sensor:Mailroom_Motion,0.443887079,2024-05-13T02:48:00.000Z
urn:ngsi-ld:Sensor:Kitchen_Motion,0.358773704,2024-05-13T14:12:00.000Z
urn:ngsi-ld:Sensor:Mailroom_Motion,0.358773704,2024-05-13T14:12:00.000Z
urn:ngsi-ld:Sensor:Lab_Motion,0.504,2024-05-14T01:36:00.000Z
urn:ngsi-ld:Sensor:Kitchen_Motion,0.569544937,2024-05-14T01:36:00.000Z
urn:ngsi-ld:Sensor:Mailroom_Motion,0.569544937,2024-05-14T01:36:00.000Z
urn:ngsi-ld:Sensor:Lab_Motion,0.495575221,2024-05-14T13:00:00.000Z
urn:ngsi-ld:Sensor:Kitchen_Motion,0.473041916,2024-05-14T13:00:00.000Z
urn:ngsi-ld:Sensor:Mailroom_Motion,0.473041916,2024-05-14T13:00:00.000Z
urn:ngsi-ld:Sensor:Lab_Motion,0.5,2024-05-15T00:24:00.000Z
urn:ngsi-ld:Sensor:Kitchen_Motion,0.372670588,2024-05-15T00:24:00.000Z
urn:ngsi-ld:Sensor:Mailroom_Motion,0.372670588,2024-05-15T00:24:00.000Z
urn:ngsi-ld:Sensor:Lab_Motion,0.5,2024-05-15T11:48:00.000Z
urn:ngsi-ld:Sensor:Kitchen_Motion,0.396256801,2024-05-15T11:48:00.000Z
urn:ngsi-ld:Sensor:Mailroom_Motion,0.396256801,2024-05-15T11:48:00.000Z
urn:ngsi-ld:Sensor:Lab_Motion,0.505617978,2024-05-15T23:12:00.000Z
urn:ngsi-ld:Sensor:Kitchen_Motion,0.359509434,2024-05-15T23:12:00.000Z
urn:ngsi-ld:Sensor:Mailroom_Motion,0.359509434,2024-05-15T23:12:00.000Z
urn:ngsi-ld:Sensor:Lab_Motion,0.497409326,2024-05-16T10:36:00.000Z
urn:ngsi-ld:Sensor:Kitchen_Motion,0.647366864,2024-05-16T10:36:00.000Z
urn:ngsi-ld:Sensor:Mailroom_Motion,0.647366864,2024-05-16T10:36:00.000Z
urn:ngsi-ld:Sensor:Kitchen_Motion,0.289251497,2024-05-16T22:00:00.000Z
urn:ngsi-ld:Sensor:Mailroom_Motion,0.289251497,2024-05-16T22:00:00.000Z
urn:ngsi-ld:Sensor:Kitchen_Motion,0.37291834,2024-05-17T09:24:00.000Z
urn:ngsi-ld:Sensor:Mailroom_Motion,0.37291834,2024-05-17T09:24:00.000Z
urn:ngsi-ld:Sensor:Kitchen_Motion,0.260540123,2024-05-17T20:48:00.000Z
urn:ngsi-ld:Sensor:Kitchen_Motion,0.725383632,2024-05-18T08:12:00.000Z
urn:ngsi-ld:Sensor:Mailroom_Motion,0.725383632,2024-05-18T08:12:00.000Z
urn:ngsi-ld:Sensor:Kitchen_Motion,0.252470238,2024-05-18T19:36:00.000Z
urn:ngsi-ld:Sensor:Mailroom_Motion,0.252470238,2024-05-18T19:36:00.000Z
urn:ngsi-ld:Sensor:Lab_Motion,0.5,2024-05-19T07:00:00.000Z
urn:ngsi-ld:Sensor:Kitchen_Motion,0.745969499,2024-05-19T07:00:00.000Z
urn:ngsi-ld:Sensor:Mailroom_Motion,0.745969499,2024-05-19T07:00:00.000Z
urn:ngsi-ld:Sensor:Lab_Motion,0.5,2024-05-19T18:24:00.000Z
urn:ngsi-ld:Sensor:Kitchen_Motion,0.249637681,2024-05-19T18:24:00.000Z
urn:ngsi-ld:Sensor:Mailroom_Motion,0.249637681,2024-05-19T18:24:00.000Z
urn:ngsi-ld:Sensor:Lab_Motion,0.5,2024-05-20T05:48:00.000Z
urn:ngsi-ld:Sensor:Mailroom_Motion,0.730738636,2024-05-20T05:48:00.000Z
urn:ngsi-ld:Sensor:Lab_Motion,0.5,2024-05-20T17:12:00.000Z
urn:ngsi-ld:Sensor:Kitchen_Motion,0.262943925,2024-05-20T17:12:00.000Z
urn:ngsi-ld:Sensor:Mailroom_Motion,0.262943925,2024-05-20T17:12:00.000Z
urn:ngsi-ld:Sensor:Lab_Motion,0.5,2024-05-21T04:36:00.000Z
urn:ngsi-ld:Sensor:Kitchen_Motion,0.451299376,2024-05-21T04:36:00.000Z
urn:ngsi-ld:Sensor:Lab_Motion,0.5,2024-05-21T16:00:00.000Z
urn:ngsi-ld:Sensor:Kitchen_Motion,0.300217391,2024-05-21T16:00:00.000Z
urn:ngsi-ld:Sensor:Mailroom_Motion,0.300217391,2024-05-21T16:00:00.000Z
urn:ngsi-ld:Sensor:Lab_Motion,0.502564103,2024-05-22T03:24:00.000Z
urn:ngsi-ld:Sensor:Kitchen_Motion,0.62025974,2024-05-22T03:24:00.000Z
urn:ngsi-ld:Sensor:Mailroom_Motion,0.62025974,2024-05-22T03:24:00.000Z
urn:ngsi-ld:Sensor:Lab_Motion,0.491525424,2024-05-22T14:48:00.000Z
urn:ngsi-ld:Sensor:Kitchen_Motion,0.465019455,2024-05-22T14:48:00.000Z
urn:ngsi-ld:Sensor:Mailroom_Motion,0.465019455,2024-05-22T14:48:00.000Z
urn:ngsi-ld:Sensor:Lab_Motion,0.505154639,2024-05-23T02:12:00.000Z
urn:ngsi-ld:Sensor:Kitchen_Motion,0.405266821,2024-05-23T02:12:00.000Z
urn:ngsi-ld:Sensor:Mailroom_Motion,0.405266821,2024-05-23T02:12:00.000Z
urn:ngsi-ld:Sensor:Lab_Motion,0.495726496,2024-05-23T13:36:00.000Z
urn:ngsi-ld:Sensor:Kitchen_Motion,0.350875146,2024-05-23T13:36:00.000Z
urn:ngsi-ld:Sensor:Mailroom_Motion,0.350875146,2024-05-23T13:36:00.000Z
urn:ngsi-ld:Sensor:Kitchen_Motion,0.623002755,2024-05-24T01:00:00.000Z
urn:ngsi-ld:Sensor:Mailroom_Motion,0.623002755,2024-05-24T01:00:00.000Z
urn:ngsi-ld:Sensor:Kitchen_Motion,0.51018705,2024-05-24T12:24:00.000Z
urn:ngsi-ld:Sensor:Mailroom_Motion,0.51018705,2024-05-24T12:24:00.000Z
urn:ngsi-ld:Sensor:Kitchen_Motion,0.340407876,2024-05-24T23:48:00.000Z
urn:ngsi-ld:Sensor:Mailroom_Motion,0.340407876,2024-05-24T23:48:00.000Z
urn:ngsi-ld:Sensor:Lab_Motion,0.5,2024-05-25T11:12:00.000Z
urn:ngsi-ld:Sensor:Mailroom_Motion,0.358111413,2024-05-25T11:12:00.000Z
urn:ngsi-ld:Sensor:Kitchen_Motion,0.313447293,2024-05-25T22:36:00.000Z
urn:ngsi-ld:Sensor:Mailroom_Motion,0.313447293,2024-05-25T22:36:00.000Z
urn:ngsi-ld:Sensor:Lab_Motion,0.5,2024-05-26T10:00:00.000Z
urn:ngsi-ld:Sensor:Kitchen_Motion,0.809301075,2024-05-26T10:00:00.000Z
urn:ngsi-ld:Sensor:Mailroom_Motion,0.809301075,2024-05-26T10:00:00.000Z
urn:ngsi-ld:Sensor:Lab_Motion,0.5,2024-05-26T21:24:00.000Z
urn:ngsi-ld:Sensor:Kitchen_Motion,0.293617339,2024-05-26T21:24:00.000Z
urn:ngsi-ld:Sensor:Mailroom_Motion,0.293617339,2024-05-26T21:24:00.000Z
urn:ngsi-ld:Sensor:Lab_Motion,0.5,2024-05-27T08:48:00.000Z
urn:ngsi-ld:Sensor:Kitchen_Motion,0.447637255,2024-05-27T08:48:00.000Z
urn:ngsi-ld:Sensor:Mailroom_Motion,0.447637255,2024-05-27T08:48:00.000Z
urn:ngsi-ld:Sensor:Kitchen_Motion,0.273880597,2024-05-27T20:12:00.000Z
urn:ngsi-ld:Sensor:Mailroom_Motion,0.273880597,2024-05-27T20:12:00.000Z
urn:ngsi-ld:Sensor:Lab_Motion,0.5,2024-05-28T07:36:00.000Z
urn:ngsi-ld:Sensor:Kitchen_Motion,0.866644359,2024-05-28T07:36:00.000Z
urn:ngsi-ld:Sensor:Mailroom_Motion,0.866644359,2024-05-28T07:36:00.000Z
urn:ngsi-ld:Sensor:Lab_Motion,0.5,2024-05-28T19:00:00.000Z
urn:ngsi-ld:Sensor:Kitchen_Motion,0.447859712,2024-05-28T19:00:00.000Z
urn:ngsi-ld:Sensor:Mailroom_Motion,0.447859712,2024-05-28T19:00:00.000Z
urn:ngsi-ld:Sensor:Lab_Motion,0.5,2024-05-29T06:24:00.000Z
urn:ngsi-ld:Sensor:Kitchen_Motion,0.650716332,2024-05-29T06:24:00.000Z
urn:ngsi-ld:Sensor:Mailroom_Motion,0.650716332,2024-05-29T06:24:00.000Z
urn:ngsi-ld:Sensor:Lab_Motion,0.5,2024-05-29T17:48:00.000Z
urn:ngsi-ld:Sensor:Kitchen_Motion,0.655616642,2024-05-29T17:48:00.000Z
urn:ngsi-ld:Sensor:Mailroom_Motion,0.655616642,2024-05-29T17:48:00.000Z
urn:ngsi-ld:Sensor:Lab_Motion,0.502415459,2024-05-30T05:12:00.000Z
urn:ngsi-ld:Sensor:Kitchen_Motion,0.62571564,2024-05-30T05:12:00.000Z
urn:ngsi-ld:Sensor:Mailroom_Motion,0.62571564,2024-05-30T05:12:00.000Z
urn:ngsi-ld:Sensor:Lab_Motion,0.428571429,2024-05-30T16:36:00.000Z
urn:ngsi-ld:Sensor:Kitchen_Motion,0.487893939,2024-05-30T16:36:00.000Z
urn:ngsi-ld:Sensor:Mailroom_Motion,0.487893939,2024-05-30T16:36:00.000Z
urn:ngsi-ld:Sensor:Kitchen_Motion,0.661967871,2024-05-31T04:00:00.000Z
urn:ngsi-ld:Sensor:Mailroom_Motion,0.661967871,2024-05-31T04:00:00.000Z
urn:ngsi-ld:Sensor:Kitchen_Motion,0.29143975,2024-05-31T15:24:00.000Z
urn:ngsi-ld:Sensor:Mailroom_Motion,0.29143975,2024-05-31T15:24:00.000Z
urn:ngsi-ld:Sensor:Kitchen_Motion,0.388207171,2024-06-01T02:48:00.000Z
urn:ngsi-ld:Sensor:Mailroom_Motion,0.388207171,2024-06-01T02:48:00.000Z
urn:ngsi-ld:Sensor:Kitchen_Motion,0.498551336,2024-06-01T14:12:00.000Z
urn:ngsi-ld:Sensor:Mailroom_Motion,0.498551336,2024-06-01T14:12:00.000Z
urn:ngsi-ld:Sensor:Kitchen_Motion,0.742323097,2024-06-02T01:36:00.000Z
urn:ngsi-ld:Sensor:Mailroom_Motion,0.742323097,2024-06-02T01:36:00.000Z
urn:ngsi-ld:Sensor:Kitchen_Motion,0.363753666,2024-06-02T13:00:00.000Z
urn:ngsi-ld:Sensor:Mailroom_Motion,0.363753666,2024-06-02T13:00:00.000Z
urn:ngsi-ld:Sensor:Lab_Motion,0.507936508,2024-06-03T00:24:00.000Z
urn:ngsi-ld:Sensor:Kitchen_Motion,0.389322459,2024-06-03T00:24:00.000Z
urn:ngsi-ld:Sensor:Mailroom_Motion,0.389322459,2024-06-03T00:24:00.000Z
urn:ngsi-ld:Sensor:Lab_Motion,0.488636364,2024-06-03T11:48:00.000Z
urn:ngsi-ld:Sensor:Kitchen_Motion,0.605260047,2024-06-03T11:48:00.000Z
urn:ngsi-ld:Sensor:Mailroom_Motion,0.605260047,2024-06-03T11:48:00.000Z
urn:ngsi-ld:Sensor:Lab_Motion,0.488888889,2024-06-03T23:12:00.000Z
urn:ngsi-ld:Sensor:Kitchen_Motion,0.421279683,2024-06-03T23:12:00.000Z
urn:ngsi-ld:Sensor:Mailroom_Motion,0.421279683,2024-06-03T23:12:00.000Z
urn:ngsi-ld:Sensor:Lab_Motion,0.502762431,2024-06-04T10:36:00.000Z
urn:ngsi-ld:Sensor:Kitchen_Motion,0.470437424,2024-06-04T10:36:00.000Z
urn:ngsi-ld:Sensor:Mailroom_Motion,0.470437424,2024-06-04T10:36:00.000Z
urn:ngsi-ld:Sensor:Lab_Motion,0,2024-06-04T22:00:00.000Z
urn:ngsi-ld:Sensor:Kitchen_Motion,0.353950617,2024-06-04T22:00:00.000Z
urn:ngsi-ld:Sensor:Mailroom_Motion,0.353950617,2024-06-04T22:00:00.000Z
urn:ngsi-ld:Sensor:Lab_Motion,0.5,2024-06-05T09:24:00.000Z
urn:ngsi-ld:Sensor:Kitchen_Motion,0.485225335,2024-06-05T09:24:00.000Z
urn:ngsi-ld:Sensor:Mailroom_Motion,0.485225335,2024-06-05T09:24:00.000Z
urn:ngsi-ld:Sensor:Kitchen_Motion,0.402312925,2024-06-05T20:48:00.000Z
urn:ngsi-ld:Sensor:Mailroom_Motion,0.402312925,2024-06-05T20:48:00.000Z
urn:ngsi-ld:Sensor:Lab_Motion,0.5,2024-06-06T08:12:00.000Z
urn:ngsi-ld:Sensor:Kitchen_Motion,0.507726776,2024-06-06T08:12:00.000Z
urn:ngsi-ld:Sensor:Mailroom_Motion,0.507726776,2024-06-06T08:12:00.000Z
urn:ngsi-ld:Sensor:Kitchen_Motion,0.29609375,2024-06-06T19:36:00.000Z
urn:ngsi-ld:Sensor:Mailroom_Motion,0.29609375,2024-06-06T19:36:00.000Z
urn:ngsi-ld:Sensor:Kitchen_Motion,0.44965374,2024-06-07T07:00:00.000Z
urn:ngsi-ld:Sensor:Mailroom_Motion,0.44965374,2024-06-07T07:00:00.000Z
urn:ngsi-ld:Sensor:Kitchen_Motion,0.383589365,2024-06-07T18:24:00.000Z
urn:ngsi-ld:Sensor:Mailroom_Motion,0.383589365,2024-06-07T18:24:00.000Z
urn:ngsi-ld:Sensor:Kitchen_Motion,0.299397218,2024-06-08T17:12:00.000Z
urn:ngsi-ld:Sensor:Mailroom_Motion,0.299397218,2024-06-08T17:12:00.000Z
urn:ngsi-ld:Sensor:Kitchen_Motion,0.442413333,2024-06-09T04:36:00.000Z
urn:ngsi-ld:Sensor:Mailroom_Motion,0.442413333,2024-06-09T04:36:00.000Z
urn:ngsi-ld:Sensor:Kitchen_Motion,0.320152672,2024-06-09T16:00:00.000Z
urn:ngsi-ld:Sensor:Mailroom_Motion,0.320152672,2024-06-09T16:00:00.000Z
urn:ngsi-ld:Sensor:Lab_Motion,0.511111111,2024-06-10T03:24:00.000Z
urn:ngsi-ld:Sensor:Kitchen_Motion,0.50563791,2024-06-10T03:24:00.000Z
urn:ngsi-ld:Sensor:Mailroom_Motion,0.50563791,2024-06-10T03:24:00.000Z
urn:ngsi-ld:Sensor:Lab_Motion,0.488888889,2024-06-10T14:48:00.000Z
urn:ngsi-ld:Sensor:Kitchen_Motion,0.342059238,2024-06-10T14:48:00.000Z
urn:ngsi-ld:Sensor:Mailroom_Motion,0.342059238,2024-06-10T14:48:00.000Z
urn:ngsi-ld:Sensor:Lab_Motion,0.5,2024-06-11T02:12:00.000Z
urn:ngsi-ld:Sensor:Kitchen_Motion,0.420218103,2024-06-11T02:12:00.000Z
urn:ngsi-ld:Sensor:Mailroom_Motion,0.420218103,2024-06-11T02:12:00.000Z
urn:ngsi-ld:Sensor:Lab_Motion,0.5,2024-06-11T13:36:00.000Z
urn:ngsi-ld:Sensor:Kitchen_Motion,0.368648325,2024-06-11T13:36:00.000Z
urn:ngsi-ld:Sensor:Lab_Motion,0.504504505,2024-06-12T01:00:00.000Z
urn:ngsi-ld:Sensor:Kitchen_Motion,0.496306306,2024-06-12T01:00:00.000Z
urn:ngsi-ld:Sensor:Mailroom_Motion,0.496306306,2024-06-12T01:00:00.000Z
urn:ngsi-ld:Sensor:Lab_Motion,0.496296296,2024-06-12T12:24:00.000Z
urn:ngsi-ld:Sensor:Kitchen_Motion,0.562367531,2024-06-12T12:24:00.000Z
urn:ngsi-ld:Sensor:Mailroom_Motion,0.562367531,2024-06-12T12:24:00.000Z
urn:ngsi-ld:Sensor:Kitchen_Motion,0.821439299,2024-06-12T23:48:00.000Z
urn:ngsi-ld:Sensor:Mailroom_Motion,0.821439299,2024-06-12T23:48:00.000Z
urn:ngsi-ld:Sensor:Lab_Motion,0.5,2024-06-13T11:12:00.000Z
urn:ngsi-ld:Sensor:Kitchen_Motion,0.695689468,2024-06-13T11:12:00.000Z
urn:ngsi-ld:Sensor:Kitchen_Motion,0.369811321,2024-06-13T22:36:00.000Z
urn:ngsi-ld:Sensor:Mailroom_Motion,0.369811321,2024-06-13T22:36:00.000Z
urn:ngsi-ld:Sensor:Kitchen_Motion,0.401854305,2024-06-14T10:00:00.000Z
urn:ngsi-ld:Sensor:Mailroom_Motion,0.401854305,2024-06-14T10:00:00.000Z
urn:ngsi-ld:Sensor:Kitchen_Motion,0.323966565,2024-06-14T21:24:00.000Z
urn:ngsi-ld:Sensor:Mailroom_Motion,0.323966565,2024-06-14T21:24:00.000Z
urn:ngsi-ld:Sensor:Kitchen_Motion,0.38504,2024-06-15T08:48:00.000Z
urn:ngsi-ld:Sensor:Mailroom_Motion,0.38504,2024-06-15T08:48:00.000Z
urn:ngsi-ld:Sensor:Kitchen_Motion,0.346661562,2024-06-15T20:12:00.000Z
urn:ngsi-ld:Sensor:Mailroom_Motion,0.346661562,2024-06-15T20:12:00.000Z
urn:ngsi-ld:Sensor:Kitchen_Motion,0.483579921,2024-06-16T07:36:00.000Z
urn:ngsi-ld:Sensor:Mailroom_Motion,0.483579921,2024-06-16T07:36:00.000Z
urn:ngsi-ld:Sensor:Kitchen_Motion,0.316965409,2024-06-16T19:00:00.000Z
urn:ngsi-ld:Sensor:Mailroom_Motion,0.316965409,2024-06-16T19:00:00.000Z
urn:ngsi-ld:Sensor:Kitchen_Motion,0.447732394,2024-06-17T06:24:00.000Z
urn:ngsi-ld:Sensor:Mailroom_Motion,0.447732394,2024-06-17T06:24:00.000Z
urn:ngsi-ld:Sensor:Kitchen_Motion,0.385156483,2024-06-17T17:48:00.000Z
urn:ngsi-ld:Sensor:Mailroom_Motion,0.385156483,2024-06-17T17:48:00.000Z
urn:ngsi-ld:Sensor:Kitchen_Motion,0.574626667,2024-06-18T05:12:00.000Z
urn:ngsi-ld:Sensor:Mailroom_Motion,0.574626667,2024-06-18T05:12:00.000Z
urn:ngsi-ld:Sensor:Kitchen_Motion,0.448287373,2024-06-18T16:36:00.000Z
urn:ngsi-ld:Sensor:Mailroom_Motion,0.448287373,2024-06-18T16:36:00.000Z
urn:ngsi-ld:Sensor:Kitchen_Motion,0.532711223,2024-06-19T04:00:00.000Z
urn:ngsi-ld:Sensor:Mailroom_Motion,0.532711223,2024-06-19T04:00:00.000Z
urn:ngsi-ld:Sensor:Kitchen_Motion,0.420869565,2024-06-19T15:24:00.000Z
urn:ngsi-ld:Sensor:Mailroom_Motion,0.420869565,2024-06-19T15:24:00.000Z
urn:ngsi-ld:Sensor:Lab_Motion,0.506024096,2024-06-20T02:48:00.000Z
urn:ngsi-ld:Sensor:Kitchen_Motion,0.53501182,2024-06-20T02:48:00.000Z
urn:ngsi-ld:Sensor:Mailroom_Motion,0.53501182,2024-06-20T02:48:00.000Z
urn:ngsi-ld:Sensor:Lab_Motion,0.428571429,2024-06-20T14:12:00.000Z
urn:ngsi-ld:Sensor:Kitchen_Motion,0.942631579,2024-06-20T14:12:00.000Z
urn:ngsi-ld:Sensor:Mailroom_Motion,0.942631579,2024-06-20T14:12:00.000Z
