entity_id,relativeHumidity,observedAt,unit
urn:ngsi-ld:Sensor:Lab_Humidity,69.993181818,2024-01-01T14:12:00.000Z,P1
urn:ngsi-ld:Sensor:Kitchen_Humidity,69.495852535,2024-01-01T14:12:00.000Z,P1
urn:ngsi-ld:Sensor:Mailroom_Humidity,69.495852535,2024-01-01T14:12:00.000Z,P1
urn:ngsi-ld:Sensor:Lab_Humidity,69.304347826,2024-01-02T01:36:00.000Z,P1
urn:ngsi-ld:Sensor:Kitchen_Humidity,69.381707317,2024-01-02T01:36:00.000Z,P1
urn:ngsi-ld:Sensor:Mailroom_Humidity,69.381707317,2024-01-02T01:36:00.000Z,P1
urn:ngsi-ld:Sensor:Lab_Humidity,59.282666667,2024-01-02T13:00:00.000Z,P1
urn:ngsi-ld:Sensor:Kitchen_Humidity,59.251449275,2024-01-02T13:00:00.000Z,P1
urn:ngsi-ld:Sensor:Mailroom_Humidity,59.251449275,2024-01-02T13:00:00.000Z,P1
urn:ngsi-ld:Sensor:Lab_Humidity,65.198484848,2024-01-03T00:24:00.000Z,P1
urn:ngsi-ld:Sensor:Kitchen_Humidity,64.042207792,2024-01-03T00:24:00.000Z,P1
urn:ngsi-ld:Sensor:Mailroom_Humidity,64.042207792,2024-01-03T00:24:00.000Z,P1
urn:ngsi-ld:Sensor:Lab_Humidity,66.471428571,2024-01-03T11:48:00.000Z,P1
urn:ngsi-ld:Sensor:Kitchen_Humidity,67.396354167,2024-01-03T11:48:00.000Z,P1
urn:ngsi-ld:Sensor:Mailroom_Humidity,67.396354167,2024-01-03T11:48:00.000Z,P1
urn:ngsi-ld:Sensor:Lab_Humidity,68.839473684,2024-01-03T23:12:00.000Z,P1
urn:ngsi-ld:Sensor:Kitchen_Humidity,69.355629139,2024-01-03T23:12:00.000Z,P1
urn:ngsi-ld:Sensor:Mailroom_Humidity,69.355629139,2024-01-03T23:12:00.000Z,P1
urn:ngsi-ld:Sensor:Lab_Humidity,61.425,2024-01-04T10:36:00.000Z,P1
urn:ngsi-ld:Sensor:Kitchen_Humidity,64.210465116,2024-01-04T10:36:00.000Z,P1
urn:ngsi-ld:Sensor:Mailroom_Humidity,64.210465116,2024-01-04T10:36:00.000Z,P1
urn:ngsi-ld:Sensor:Lab_Humidity,60.715,2024-01-04T22:00:00.000Z,P1
urn:ngsi-ld:Sensor:Mailroom_Humidity,60.715,2024-01-04T22:00:00.000Z,P1
urn:ngsi-ld:Sensor:Lab_Humidity,63.2,2024-01-05T09:24:00.000Z,P1
urn:ngsi-ld:Sensor:Kitchen_Humidity,63.2,2024-01-05T09:24:00.000Z,P1
urn:ngsi-ld:Sensor:Mailroom_Humidity,63.2,2024-01-05T09:24:00.000Z,P1
urn:ngsi-ld:Sensor:Lab_Humidity,64.98,2024-01-05T20:48:00.000Z,P1
urn:ngsi-ld:Sensor:Kitchen_Humidity,64.98,2024-01-05T20:48:00.000Z,P1
urn:ngsi-ld:Sensor:Mailroom_Humidity,64.98,2024-01-05T20:48:00.000Z,P1
urn:ngsi-ld:Sensor:Lab_Humidity,62.702272727,2024-01-06T08:12:00.000Z,P1
urn:ngsi-ld:Sensor:Kitchen_Humidity,61.862068966,2024-01-06T08:12:00.000Z,P1
urn:ngsi-ld:Sensor:Mailroom_Humidity,61.862068966,2024-01-06T08:12:00.000Z,P1
urn:ngsi-ld:Sensor:Lab_Humidity,60.130769231,2024-01-06T19:36:00.000Z,P1
urn:ngsi-ld:Sensor:Kitchen_Humidity,59.670588235,2024-01-06T19:36:00.000Z,P1
urn:ngsi-ld:Sensor:Lab_Humidity,52.179545455,2024-01-07T07:00:00.000Z,P1
urn:ngsi-ld:Sensor:Kitchen_Humidity,52.3,2024-01-07T07:00:00.000Z,P1
urn:ngsi-ld:Sensor:Mailroom_Humidity,52.3,2024-01-07T07:00:00.000Z,P1
urn:ngsi-ld:Sensor:Lab_Humidity,62.596491228,2024-01-07T18:24:00.000Z,P1
urn:ngsi-ld:Sensor:Kitchen_Humidity,62.416756757,2024-01-07T18:24:00.000Z,P1
urn:ngsi-ld:Sensor:Mailroom_Humidity,62.416756757,2024-01-07T18:24:00.000Z,P1
urn:ngsi-ld:Sensor:Lab_Humidity,61.104545455,2024-01-08T05:48:00.000Z,P1
urn:ngsi-ld:Sensor:Kitchen_Humidity,61.66122449,2024-01-08T05:48:00.000Z,P1
urn:ngsi-ld:Sensor:Mailroom_Humidity,61.66122449,2024-01-08T05:48:00.000Z,P1
urn:ngsi-ld:Sensor:Lab_Humidity,56.975409836,2024-01-08T17:12:00.000Z,P1
urn:ngsi-ld:Sensor:Kitchen_Humidity,57.825757576,2024-01-08T17:12:00.000Z,P1
urn:ngsi-ld:Sensor:Mailroom_Humidity,57.825757576,2024-01-08T17:12:00.000Z,P1
urn:ngsi-ld:Sensor:Lab_Humidity,54.095454545,2024-01-09T04:36:00.000Z,P1
urn:ngsi-ld:Sensor:Kitchen_Humidity,54.380821918,2024-01-09T04:36:00.000Z,P1
urn:ngsi-ld:Sensor:Mailroom_Humidity,54.380821918,2024-01-09T04:36:00.000Z,P1
urn:ngsi-ld:Sensor:Lab_Humidity,58.465306122,2024-01-09T16:00:00.000Z,P1
urn:ngsi-ld:Sensor:Kitchen_Humidity,58.166666667,2024-01-09T16:00:00.000Z,P1
urn:ngsi-ld:Sensor:Mailroom_Humidity,58.166666667,2024-01-09T16:00:00.000Z,P1
urn:ngsi-ld:Sensor:Lab_Humidity,56.618644068,2024-01-10T03:24:00.000Z,P1
urn:ngsi-ld:Sensor:Kitchen_Humidity,56.196478873,2024-01-10T03:24:00.000Z,P1
urn:ngsi-ld:Sensor:Mailroom_Humidity,56.196478873,2024-01-10T03:24:00.000Z,P1
urn:ngsi-ld:Sensor:Lab_Humidity,56.962318841,2024-01-10T14:48:00.000Z,P1
urn:ngsi-ld:Sensor:Kitchen_Humidity,57.042975207,2024-01-10T14:48:00.000Z,P1
urn:ngsi-ld:Sensor:Mailroom_Humidity,57.042975207,2024-01-10T14:48:00.000Z,P1
urn:ngsi-ld:Sensor:Lab_Humidity,57.371212121,2024-01-11T02:12:00.000Z,P1
urn:ngsi-ld:Sensor:Kitchen_Humidity,56.235031847,2024-01-11T02:12:00.000Z,P1
urn:ngsi-ld:Sensor:Mailroom_Humidity,56.235031847,2024-01-11T02:12:00.000Z,P1
urn:ngsi-ld:Sensor:Lab_Humidity,57.490740741,2024-01-11T13:36:00.000Z,P1
urn:ngsi-ld:Sensor:Kitchen_Humidity,57.366013072,2024-01-11T13:36:00.000Z,P1
urn:ngsi-ld:Sensor:Mailroom_Humidity,57.366013072,2024-01-11T13:36:00.000Z,P1
urn:ngsi-ld:Sensor:Lab_Humidity,58.386956522,2024-01-12T01:00:00.000Z,P1
urn:ngsi-ld:Sensor:Kitchen_Humidity,59.223308271,2024-01-12T01:00:00.000Z,P1
urn:ngsi-ld:Sensor:Mailroom_Humidity,59.223308271,2024-01-12T01:00:00.000Z,P1
urn:ngsi-ld:Sensor:Lab_Humidity,48.121052632,2024-01-12T12:24:00.000Z,P1
urn:ngsi-ld:Sensor:Kitchen_Humidity,48.731318681,2024-01-12T12:24:00.000Z,P1
urn:ngsi-ld:Sensor:Mailroom_Humidity,48.731318681,2024-01-12T12:24:00.000Z,P1
urn:ngsi-ld:Sensor:Lab_Humidity,48.888421053,2024-01-12T23:48:00.000Z,P1
urn:ngsi-ld:Sensor:Kitchen_Humidity,49.51902834,2024-01-12T23:48:00.000Z,P1
urn:ngsi-ld:Sensor:Mailroom_Humidity,49.51902834,2024-01-12T23:48:00.000Z,P1
urn:ngsi-ld:Sensor:Lab_Humidity,50.305633803,2024-01-13T11:12:00.000Z,P1
urn:ngsi-ld:Sensor:Kitchen_Humidity,51.096954315,2024-01-13T11:12:00.000Z,P1
urn:ngsi-ld:Sensor:Mailroom_Humidity,51.096954315,2024-01-13T11:12:00.000Z,P1
urn:ngsi-ld:Sensor:Lab_Humidity,57.416666667,2024-01-13T22:36:00.000Z,P1
urn:ngsi-ld:Sensor:Kitchen_Humidity,58.633043478,2024-01-13T22:36:00.000Z,P1
urn:ngsi-ld:Sensor:Mailroom_Humidity,58.633043478,2024-01-13T22:36:00.000Z,P1
urn:ngsi-ld:Sensor:Lab_Humidity,48.916842105,2024-01-14T10:00:00.000Z,P1
urn:ngsi-ld:Sensor:Kitchen_Humidity,49.028571429,2024-01-14T10:00:00.000Z,P1
urn:ngsi-ld:Sensor:Mailroom_Humidity,49.028571429,2024-01-14T10:00:00.000Z,P1
urn:ngsi-ld:Sensor:Kitchen_Humidity,59.153301887,2024-01-14T21:24:00.000Z,P1
urn:ngsi-ld:Sensor:Mailroom_Humidity,59.153301887,2024-01-14T21:24:00.000Z,P1
urn:ngsi-ld:Sensor:Lab_Humidity,49.408333333,2024-01-15T08:48:00.000Z,P1
urn:ngsi-ld:Sensor:Kitchen_Humidity,48.40372093,2024-01-15T08:48:00.000Z,P1
urn:ngsi-ld:Sensor:Lab_Humidity,58.819047619,2024-01-15T20:12:00.000Z,P1
urn:ngsi-ld:Sensor:Kitchen_Humidity,59.170833333,2024-01-15T20:12:00.000Z,P1
urn:ngsi-ld:Sensor:Lab_Humidity,58.662433862,2024-01-16T07:36:00.000Z,P1
urn:ngsi-ld:Sensor:Kitchen_Humidity,58.874917492,2024-01-16T07:36:00.000Z,P1
urn:ngsi-ld:Sensor:Mailroom_Humidity,58.874917492,2024-01-16T07:36:00.000Z,P1
urn:ngsi-ld:Sensor:Lab_Humidity,77.493258427,2024-01-16T19:00:00.000Z,P1
urn:ngsi-ld:Sensor:Kitchen_Humidity,76.85766129,2024-01-16T19:00:00.000Z,P1
urn:ngsi-ld:Sensor:Mailroom_Humidity,76.85766129,2024-01-16T19:00:00.000Z,P1
urn:ngsi-ld:Sensor:Lab_Humidity,67.462307692,2024-01-17T06:24:00.000Z,P1
urn:ngsi-ld:Sensor:Kitchen_Humidity,68.506115108,2024-01-17T06:24:00.000Z,P1
urn:ngsi-ld:Sensor:Mailroom_Humidity,68.506115108,2024-01-17T06:24:00.000Z,P1
urn:ngsi-ld:Sensor:Lab_Humidity,59.001388889,2024-01-17T17:48:00.000Z,P1
urn:ngsi-ld:Sensor:Kitchen_Humidity,60.157894737,2024-01-17T17:48:00.000Z,P1
urn:ngsi-ld:Sensor:Mailroom_Humidity,60.157894737,2024-01-17T17:48:00.000Z,P1
urn:ngsi-ld:Sensor:Lab_Humidity,62.017647059,2024-01-18T05:12:00.000Z,P1
urn:ngsi-ld:Sensor:Kitchen_Humidity,61.939819005,2024-01-18T05:12:00.000Z,P1
urn:ngsi-ld:Sensor:Mailroom_Humidity,61.939819005,2024-01-18T05:12:00.000Z,P1
urn:ngsi-ld:Sensor:Lab_Humidity,66.182926829,2024-01-18T16:36:00.000Z,P1
urn:ngsi-ld:Sensor:Kitchen_Humidity,67.876315789,2024-01-18T16:36:00.000Z,P1
urn:ngsi-ld:Sensor:Mailroom_Humidity,67.876315789,2024-01-18T16:36:00.000Z,P1
urn:ngsi-ld:Sensor:Lab_Humidity,67.068,2024-01-19T04:00:00.000Z,P1
urn:ngsi-ld:Sensor:Mailroom_Humidity,67.970408163,2024-01-19T04:00:00.000Z,P1
urn:ngsi-ld:Sensor:Lab_Humidity,64.065822785,2024-01-19T15:24:00.000Z,P1
urn:ngsi-ld:Sensor:Kitchen_Humidity,64.619117647,2024-01-19T15:24:00.000Z,P1
urn:ngsi-ld:Sensor:Mailroom_Humidity,64.619117647,2024-01-19T15:24:00.000Z,P1
urn:ngsi-ld:Sensor:Lab_Humidity,63.667105263,2024-01-20T02:48:00.000Z,P1
urn:ngsi-ld:Sensor:Kitchen_Humidity,64.368217054,2024-01-20T02:48:00.000Z,P1
urn:ngsi-ld:Sensor:Mailroom_Humidity,64.368217054,2024-01-20T02:48:00.000Z,P1
urn:ngsi-ld:Sensor:Lab_Humidity,65.659574468,2024-01-20T14:12:00.000Z,P1
urn:ngsi-ld:Sensor:Kitchen_Humidity,65.967741935,2024-01-20T14:12:00.000Z,P1
urn:ngsi-ld:Sensor:Lab_Humidity,66.205454545,2024-01-21T01:36:00.000Z,P1
urn:ngsi-ld:Sensor:Kitchen_Humidity,65.779439252,2024-01-21T01:36:00.000Z,P1
urn:ngsi-ld:Sensor:Mailroom_Humidity,65.779439252,2024-01-21T01:36:00.000Z,P1
urn:ngsi-ld:Sensor:Lab_Humidity,61.184848485,2024-01-21T13:00:00.000Z,P1
urn:ngsi-ld:Sensor:Kitchen_Humidity,60.419911504,2024-01-21T13:00:00.000Z,P1
urn:ngsi-ld:Sensor:Mailroom_Humidity,60.419911504,2024-01-21T13:00:00.000Z,P1
urn:ngsi-ld:Sensor:Lab_Humidity,63.626984127,2024-01-22T00:24:00.000Z,P1
urn:ngsi-ld:Sensor:Kitchen_Humidity,63.865217391,2024-01-22T00:24:00.000Z,P1
urn:ngsi-ld:Sensor:Lab_Humidity,63.52173913,2024-01-22T11:48:00.000Z,P1
urn:ngsi-ld:Sensor:Kitchen_Humidity,64.248421053,2024-01-22T11:48:00.000Z,P1
urn:ngsi-ld:Sensor:Mailroom_Humidity,64.248421053,2024-01-22T11:48:00.000Z,P1
urn:ngsi-ld:Sensor:Lab_Humidity,65.605882353,2024-01-22T23:12:00.000Z,P1
urn:ngsi-ld:Sensor:Kitchen_Humidity,64.191566265,2024-01-22T23:12:00.000Z,P1
urn:ngsi-ld:Sensor:Mailroom_Humidity,64.191566265,2024-01-22T23:12:00.000Z,P1
urn:ngsi-ld:Sensor:Lab_Humidity,63.249606299,2024-01-23T10:36:00.000Z,P1
urn:ngsi-ld:Sensor:Kitchen_Humidity,63.798993289,2024-01-23T10:36:00.000Z,P1
urn:ngsi-ld:Sensor:Lab_Humidity,66.314516129,2024-01-23T22:00:00.000Z,P1
urn:ngsi-ld:Sensor:Kitchen_Humidity,65.38556701,2024-01-23T22:00:00.000Z,P1
urn:ngsi-ld:Sensor:Mailroom_Humidity,65.38556701,2024-01-23T22:00:00.000Z,P1
urn:ngsi-ld:Sensor:Lab_Humidity,59.595689655,2024-01-24T09:24:00.000Z,P1
urn:ngsi-ld:Sensor:Kitchen_Humidity,60.346186441,2024-01-24T09:24:00.000Z,P1
urn:ngsi-ld:Sensor:Mailroom_Humidity,60.346186441,2024-01-24T09:24:00.000Z,P1
urn:ngsi-ld:Sensor:Lab_Humidity,60.198214286,2024-01-24T20:48:00.000Z,P1
urn:ngsi-ld:Sensor:Kitchen_Humidity,60.878625954,2024-01-24T20:48:00.000Z,P1
urn:ngsi-ld:Sensor:Mailroom_Humidity,60.878625954,2024-01-24T20:48:00.000Z,P1
urn:ngsi-ld:Sensor:Lab_Humidity,45.751327434,2024-01-25T08:12:00.000Z,P1
urn:ngsi-ld:Sensor:Kitchen_Humidity,45.857986111,2024-01-25T08:12:00.000Z,P1
urn:ngsi-ld:Sensor:Mailroom_Humidity,45.857986111,2024-01-25T08:12:00.000Z,P1
urn:ngsi-ld:Sensor:Lab_Humidity,53.502173913,2024-01-25T19:36:00.000Z,P1
urn:ngsi-ld:Sensor:Kitchen_Humidity,54.247457627,2024-01-25T19:36:00.000Z,P1
urn:ngsi-ld:Sensor:Mailroom_Humidity,54.247457627,2024-01-25T19:36:00.000Z,P1
urn:ngsi-ld:Sensor:Lab_Humidity,43.527536232,2024-01-26T07:00:00.000Z,P1
urn:ngsi-ld:Sensor:Kitchen_Humidity,44.511587983,2024-01-26T07:00:00.000Z,P1
urn:ngsi-ld:Sensor:Lab_Humidity,53.534567901,2024-01-26T18:24:00.000Z,P1
urn:ngsi-ld:Sensor:Kitchen_Humidity,53.095412844,2024-01-26T18:24:00.000Z,P1
urn:ngsi-ld:Sensor:Mailroom_Humidity,53.095412844,2024-01-26T18:24:00.000Z,P1
urn:ngsi-ld:Sensor:Lab_Humidity,57.815652174,2024-01-27T05:48:00.000Z,P1
urn:ngsi-ld:Sensor:Kitchen_Humidity,57.859940653,2024-01-27T05:48:00.000Z,P1
urn:ngsi-ld:Sensor:Mailroom_Humidity,57.859940653,2024-01-27T05:48:00.000Z,P1
urn:ngsi-ld:Sensor:Lab_Humidity,66.981690141,2024-01-27T17:12:00.000Z,P1
urn:ngsi-ld:Sensor:Kitchen_Humidity,66.349186992,2024-01-27T17:12:00.000Z,P1
urn:ngsi-ld:Sensor:Mailroom_Humidity,66.349186992,2024-01-27T17:12:00.000Z,P1
urn:ngsi-ld:Sensor:Lab_Humidity,68.882758621,2024-01-28T04:36:00.000Z,P1
urn:ngsi-ld:Sensor:Kitchen_Humidity,67.537665782,2024-01-28T04:36:00.000Z,P1
urn:ngsi-ld:Sensor:Mailroom_Humidity,67.537665782,2024-01-28T04:36:00.000Z,P1
urn:ngsi-ld:Sensor:Lab_Humidity,53.273170732,2024-01-28T16:00:00.000Z,P1
urn:ngsi-ld:Sensor:Kitchen_Humidity,53.573755656,2024-01-28T16:00:00.000Z,P1
urn:ngsi-ld:Sensor:Mailroom_Humidity,53.573755656,2024-01-28T16:00:00.000Z,P1
urn:ngsi-ld:Sensor:Lab_Humidity,57.210869565,2024-01-29T03:24:00.000Z,P1
urn:ngsi-ld:Sensor:Kitchen_Humidity,56.53269962,2024-01-29T03:24:00.000Z,P1
urn:ngsi-ld:Sensor:Mailroom_Humidity,56.53269962,2024-01-29T03:24:00.000Z,P1
urn:ngsi-ld:Sensor:Lab_Humidity,56.182178218,2024-01-29T14:48:00.000Z,P1
urn:ngsi-ld:Sensor:Kitchen_Humidity,57.020819113,2024-01-29T14:48:00.000Z,P1
urn:ngsi-ld:Sensor:Mailroom_Humidity,57.020819113,2024-01-29T14:48:00.000Z,P1
urn:ngsi-ld:Sensor:Lab_Humidity,57.948,2024-01-30T02:12:00.000Z,P1
urn:ngsi-ld:Sensor:Kitchen_Humidity,55.695238095,2024-01-30T02:12:00.000Z,P1
urn:ngsi-ld:Sensor:Mailroom_Humidity,55.695238095,2024-01-30T02:12:00.000Z,P1
urn:ngsi-ld:Sensor:Lab_Humidity,54.621212121,2024-01-31T01:00:00.000Z,P1
urn:ngsi-ld:Sensor:Kitchen_Humidity,55.263265306,2024-01-31T01:00:00.000Z,P1
urn:ngsi-ld:Sensor:Mailroom_Humidity,55.263265306,2024-01-31T01:00:00.000Z,P1
urn:ngsi-ld:Sensor:Lab_Humidity,60.743023256,2024-01-31T12:24:00.000Z,P1
urn:ngsi-ld:Sensor:Kitchen_Humidity,61.327636364,2024-01-31T12:24:00.000Z,P1
urn:ngsi-ld:Sensor:Mailroom_Humidity,61.327636364,2024-01-31T12:24:00.000Z,P1
urn:ngsi-ld:Sensor:Lab_Humidity,71.545054945,2024-01-31T23:48:00.000Z,P1
urn:ngsi-ld:Sensor:Kitchen_Humidity,70.671024735,2024-01-31T23:48:00.000Z,P1
urn:ngsi-ld:Sensor:Mailroom_Humidity,70.671024735,2024-01-31T23:48:00.000Z,P1
urn:ngsi-ld:Sensor:Lab_Humidity,68.575789474,2024-02-01T11:12:00.000Z,P1
urn:ngsi-ld:Sensor:Kitchen_Humidity,69.043283582,2024-02-01T11:12:00.000Z,P1
urn:ngsi-ld:Sensor:Mailroom_Humidity,69.043283582,2024-02-01T11:12:00.000Z,P1
urn:ngsi-ld:Sensor:Lab_Humidity,71.506521739,2024-02-01T22:36:00.000Z,P1
urn:ngsi-ld:Sensor:Kitchen_Humidity,72.250340136,2024-02-01T22:36:00.000Z,P1
urn:ngsi-ld:Sensor:Mailroom_Humidity,72.250340136,2024-02-01T22:36:00.000Z,P1
urn:ngsi-ld:Sensor:Lab_Humidity,59.522727273,2024-02-02T10:00:00.000Z,P1
urn:ngsi-ld:Sensor:Kitchen_Humidity,61.575,2024-02-02T10:00:00.000Z,P1
urn:ngsi-ld:Sensor:Mailroom_Humidity,61.575,2024-02-02T10:00:00.000Z,P1
urn:ngsi-ld:Sensor:Lab_Humidity,54.811363636,2024-02-02T21:24:00.000Z,P1
urn:ngsi-ld:Sensor:Kitchen_Humidity,54.926153846,2024-02-02T21:24:00.000Z,P1
urn:ngsi-ld:Sensor:Mailroom_Humidity,54.926153846,2024-02-02T21:24:00.000Z,P1
urn:ngsi-ld:Sensor:Lab_Humidity,50.912987013,2024-02-03T08:48:00.000Z,P1
urn:ngsi-ld:Sensor:Kitchen_Humidity,51.615555556,2024-02-03T08:48:00.000Z,P1
urn:ngsi-ld:Sensor:Mailroom_Humidity,51.615555556,2024-02-03T08:48:00.000Z,P1
urn:ngsi-ld:Sensor:Lab_Humidity,50.280124224,2024-02-03T20:12:00.000Z,P1
urn:ngsi-ld:Sensor:Kitchen_Humidity,50.052631579,2024-02-03T20:12:00.000Z,P1
urn:ngsi-ld:Sensor:Mailroom_Humidity,50.052631579,2024-02-03T20:12:00.000Z,P1
urn:ngsi-ld:Sensor:Lab_Humidity,48.235416667,2024-02-04T07:36:00.000Z,P1
urn:ngsi-ld:Sensor:Kitchen_Humidity,48.821561338,2024-02-04T07:36:00.000Z,P1
urn:ngsi-ld:Sensor:Mailroom_Humidity,48.821561338,2024-02-04T07:36:00.000Z,P1
urn:ngsi-ld:Sensor:Lab_Humidity,46.917346939,2024-02-04T19:00:00.000Z,P1
urn:ngsi-ld:Sensor:Kitchen_Humidity,47.255921053,2024-02-04T19:00:00.000Z,P1
urn:ngsi-ld:Sensor:Mailroom_Humidity,47.255921053,2024-02-04T19:00:00.000Z,P1
urn:ngsi-ld:Sensor:Lab_Humidity,51.817460317,2024-02-05T06:24:00.000Z,P1
urn:ngsi-ld:Sensor:Kitchen_Humidity,51.851204819,2024-02-05T06:24:00.000Z,P1
urn:ngsi-ld:Sensor:Mailroom_Humidity,51.851204819,2024-02-05T06:24:00.000Z,P1
urn:ngsi-ld:Sensor:Lab_Humidity,52.149438202,2024-02-05T17:48:00.000Z,P1
urn:ngsi-ld:Sensor:Kitchen_Humidity,53.682926829,2024-02-05T17:48:00.000Z,P1
urn:ngsi-ld:Sensor:Mailroom_Humidity,53.682926829,2024-02-05T17:48:00.000Z,P1
urn:ngsi-ld:Sensor:Lab_Humidity,52.178740157,2024-02-06T05:12:00.000Z,P1
urn:ngsi-ld:Sensor:Kitchen_Humidity,52.101971831,2024-02-06T05:12:00.000Z,P1
urn:ngsi-ld:Sensor:Mailroom_Humidity,52.101971831,2024-02-06T05:12:00.000Z,P1
urn:ngsi-ld:Sensor:Lab_Humidity,51.153508772,2024-02-06T16:36:00.000Z,P1
urn:ngsi-ld:Sensor:Kitchen_Humidity,51.343333333,2024-02-06T16:36:00.000Z,P1
urn:ngsi-ld:Sensor:Mailroom_Humidity,51.343333333,2024-02-06T16:36:00.000Z,P1
urn:ngsi-ld:Sensor:Lab_Humidity,53.128846154,2024-02-07T04:00:00.000Z,P1
urn:ngsi-ld:Sensor:Kitchen_Humidity,53.714335664,2024-02-07T04:00:00.000Z,P1
urn:ngsi-ld:Sensor:Mailroom_Humidity,53.714335664,2024-02-07T04:00:00.000Z,P1
urn:ngsi-ld:Sensor:Lab_Humidity,52.141860465,2024-02-07T15:24:00.000Z,P1
urn:ngsi-ld:Sensor:Kitchen_Humidity,52.860784314,2024-02-07T15:24:00.000Z,P1
urn:ngsi-ld:Sensor:Mailroom_Humidity,52.860784314,2024-02-07T15:24:00.000Z,P1
urn:ngsi-ld:Sensor:Lab_Humidity,52.139473684,2024-02-08T02:48:00.000Z,P1
urn:ngsi-ld:Sensor:Kitchen_Humidity,52.956842105,2024-02-08T02:48:00.000Z,P1
urn:ngsi-ld:Sensor:Mailroom_Humidity,52.956842105,2024-02-08T02:48:00.000Z,P1
urn:ngsi-ld:Sensor:Kitchen_Humidity,59.308679245,2024-02-08T14:12:00.000Z,P1
urn:ngsi-ld:Sensor:Mailroom_Humidity,59.308679245,2024-02-08T14:12:00.000Z,P1
urn:ngsi-ld:Sensor:Lab_Humidity,54.794444444,2024-02-09T01:36:00.000Z,P1
urn:ngsi-ld:Sensor:Kitchen_Humidity,60.056502242,2024-02-09T01:36:00.000Z,P1
urn:ngsi-ld:Sensor:Mailroom_Humidity,60.056502242,2024-02-09T01:36:00.000Z,P1
urn:ngsi-ld:Sensor:Lab_Humidity,55.069354839,2024-02-09T13:00:00.000Z,P1
urn:ngsi-ld:Sensor:Kitchen_Humidity,57.558638743,2024-02-09T13:00:00.000Z,P1
urn:ngsi-ld:Sensor:Lab_Humidity,54.584482759,2024-02-10T00:24:00.000Z,P1
urn:ngsi-ld:Sensor:Kitchen_Humidity,55.559848485,2024-02-10T00:24:00.000Z,P1
urn:ngsi-ld:Sensor:Mailroom_Humidity,55.559848485,2024-02-10T00:24:00.000Z,P1
urn:ngsi-ld:Sensor:Lab_Humidity,52.538271605,2024-02-10T11:48:00.000Z,P1
urn:ngsi-ld:Sensor:Kitchen_Humidity,53.828282828,2024-02-10T11:48:00.000Z,P1
urn:ngsi-ld:Sensor:Mailroom_Humidity,53.828282828,2024-02-10T11:48:00.000Z,P1
urn:ngsi-ld:Sensor:Lab_Humidity,62.35,2024-02-10T23:12:00.000Z,P1
urn:ngsi-ld:Sensor:Kitchen_Humidity,61.869461078,2024-02-10T23:12:00.000Z,P1
urn:ngsi-ld:Sensor:Mailroom_Humidity,61.869461078,2024-02-10T23:12:00.000Z,P1
urn:ngsi-ld:Sensor:Lab_Humidity,67.432608696,2024-02-11T10:36:00.000Z,P1
urn:ngsi-ld:Sensor:Kitchen_Humidity,67.809401709,2024-02-11T10:36:00.000Z,P1
urn:ngsi-ld:Sensor:Lab_Humidity,70.161702128,2024-02-11T22:00:00.000Z,P1
urn:ngsi-ld:Sensor:Kitchen_Humidity,70.26728972,2024-02-11T22:00:00.000Z,P1
urn:ngsi-ld:Sensor:Mailroom_Humidity,70.26728972,2024-02-11T22:00:00.000Z,P1
urn:ngsi-ld:Sensor:Lab_Humidity,73.554545455,2024-02-12T09:24:00.000Z,P1
urn:ngsi-ld:Sensor:Kitchen_Humidity,73.391836735,2024-02-12T09:24:00.000Z,P1
urn:ngsi-ld:Sensor:Mailroom_Humidity,73.391836735,2024-02-12T09:24:00.000Z,P1
urn:ngsi-ld:Sensor:Lab_Humidity,72.108695652,2024-02-12T20:48:00.000Z,P1
urn:ngsi-ld:Sensor:Kitchen_Humidity,71.706730769,2024-02-12T20:48:00.000Z,P1
urn:ngsi-ld:Sensor:Lab_Humidity,69.605128205,2024-02-13T08:12:00.000Z,P1
urn:ngsi-ld:Sensor:Kitchen_Humidity,70.224324324,2024-02-13T08:12:00.000Z,P1
urn:ngsi-ld:Sensor:Mailroom_Humidity,70.224324324,2024-02-13T08:12:00.000Z,P1
urn:ngsi-ld:Sensor:Lab_Humidity,69.83,2024-02-13T19:36:00.000Z,P1
urn:ngsi-ld:Sensor:Kitchen_Humidity,69.979,2024-02-13T19:36:00.000Z,P1
urn:ngsi-ld:Sensor:Mailroom_Humidity,69.979,2024-02-13T19:36:00.000Z,P1
urn:ngsi-ld:Sensor:Lab_Humidity,65.62244898,2024-02-14T07:00:00.000Z,P1
urn:ngsi-ld:Sensor:Kitchen_Humidity,66.071359223,2024-02-14T07:00:00.000Z,P1
urn:ngsi-ld:Sensor:Mailroom_Humidity,66.071359223,2024-02-14T07:00:00.000Z,P1
urn:ngsi-ld:Sensor:Lab_Humidity,70.158695652,2024-02-14T18:24:00.000Z,P1
urn:ngsi-ld:Sensor:Kitchen_Humidity,69.668484848,2024-02-14T18:24:00.000Z,P1
urn:ngsi-ld:Sensor:Mailroom_Humidity,69.668484848,2024-02-14T18:24:00.000Z,P1
urn:ngsi-ld:Sensor:Lab_Humidity,68.086792453,2024-02-15T05:48:00.000Z,P1
urn:ngsi-ld:Sensor:Kitchen_Humidity,66.458638743,2024-02-15T05:48:00.000Z,P1
urn:ngsi-ld:Sensor:Mailroom_Humidity,66.458638743,2024-02-15T05:48:00.000Z,P1
urn:ngsi-ld:Sensor:Lab_Humidity,72.837962963,2024-02-15T17:12:00.000Z,P1
urn:ngsi-ld:Sensor:Kitchen_Humidity,71.964179104,2024-02-15T17:12:00.000Z,P1
urn:ngsi-ld:Sensor:Mailroom_Humidity,71.964179104,2024-02-15T17:12:00.000Z,P1
urn:ngsi-ld:Sensor:Lab_Humidity,74.996907216,2024-02-16T04:36:00.000Z,P1
urn:ngsi-ld:Sensor:Kitchen_Humidity,74.65,2024-02-16T04:36:00.000Z,P1
urn:ngsi-ld:Sensor:Mailroom_Humidity,74.65,2024-02-16T04:36:00.000Z,P1
urn:ngsi-ld:Sensor:Lab_Humidity,79.492857143,2024-02-16T16:00:00.000Z,P1
urn:ngsi-ld:Sensor:Kitchen_Humidity,75.910429448,2024-02-16T16:00:00.000Z,P1
urn:ngsi-ld:Sensor:Mailroom_Humidity,75.910429448,2024-02-16T16:00:00.000Z,P1
urn:ngsi-ld:Sensor:Lab_Humidity,76.547368421,2024-02-17T03:24:00.000Z,P1
urn:ngsi-ld:Sensor:Kitchen_Humidity,74.409195402,2024-02-17T03:24:00.000Z,P1
urn:ngsi-ld:Sensor:Mailroom_Humidity,74.409195402,2024-02-17T03:24:00.000Z,P1
urn:ngsi-ld:Sensor:Lab_Humidity,69.752173913,2024-02-17T14:48:00.000Z,P1
urn:ngsi-ld:Sensor:Kitchen_Humidity,70.31559633,2024-02-17T14:48:00.000Z,P1
urn:ngsi-ld:Sensor:Mailroom_Humidity,70.31559633,2024-02-17T14:48:00.000Z,P1
urn:ngsi-ld:Sensor:Lab_Humidity,63.074358974,2024-02-18T02:12:00.000Z,P1
urn:ngsi-ld:Sensor:Kitchen_Humidity,64.714685315,2024-02-18T02:12:00.000Z,P1
urn:ngsi-ld:Sensor:Mailroom_Humidity,64.714685315,2024-02-18T02:12:00.000Z,P1
urn:ngsi-ld:Sensor:Lab_Humidity,58.114782609,2024-02-18T13:36:00.000Z,P1
urn:ngsi-ld:Sensor:Kitchen_Humidity,63.72195122,2024-02-18T13:36:00.000Z,P1
urn:ngsi-ld:Sensor:Mailroom_Humidity,63.72195122,2024-02-18T13:36:00.000Z,P1
urn:ngsi-ld:Sensor:Lab_Humidity,56.293518519,2024-02-19T01:00:00.000Z,P1
urn:ngsi-ld:Sensor:Kitchen_Humidity,57.254285714,2024-02-19T01:00:00.000Z,P1
urn:ngsi-ld:Sensor:Mailroom_Humidity,57.254285714,2024-02-19T01:00:00.000Z,P1
urn:ngsi-ld:Sensor:Lab_Humidity,60.265591398,2024-02-19T12:24:00.000Z,P1
urn:ngsi-ld:Sensor:Kitchen_Humidity,60.731111111,2024-02-19T12:24:00.000Z,P1
urn:ngsi-ld:Sensor:Mailroom_Humidity,60.731111111,2024-02-19T12:24:00.000Z,P1
urn:ngsi-ld:Sensor:Lab_Humidity,63.638709677,2024-02-19T23:48:00.000Z,P1
urn:ngsi-ld:Sensor:Kitchen_Humidity,64.499107143,2024-02-19T23:48:00.000Z,P1
urn:ngsi-ld:Sensor:Mailroom_Humidity,64.499107143,2024-02-19T23:48:00.000Z,P1
urn:ngsi-ld:Sensor:Lab_Humidity,60.605405405,2024-02-20T11:12:00.000Z,P1
urn:ngsi-ld:Sensor:Kitchen_Humidity,61.025,2024-02-20T11:12:00.000Z,P1
urn:ngsi-ld:Sensor:Mailroom_Humidity,61.025,2024-02-20T11:12:00.000Z,P1
urn:ngsi-ld:Sensor:Lab_Humidity,68.647959184,2024-02-20T22:36:00.000Z,P1
urn:ngsi-ld:Sensor:Kitchen_Humidity,68.625465839,2024-02-20T22:36:00.000Z,P1
urn:ngsi-ld:Sensor:Mailroom_Humidity,68.625465839,2024-02-20T22:36:00.000Z,P1
urn:ngsi-ld:Sensor:Lab_Humidity,62.865734266,2024-02-21T10:00:00.000Z,P1
urn:ngsi-ld:Sensor:Mailroom_Humidity,60.283955224,2024-02-21T10:00:00.000Z,P1
urn:ngsi-ld:Sensor:Lab_Humidity,64.7203125,2024-02-21T21:24:00.000Z,P1
urn:ngsi-ld:Sensor:Kitchen_Humidity,66.0696,2024-02-21T21:24:00.000Z,P1
urn:ngsi-ld:Sensor:Mailroom_Humidity,66.0696,2024-02-21T21:24:00.000Z,P1
urn:ngsi-ld:Sensor:Lab_Humidity,66.411111111,2024-02-22T08:48:00.000Z,P1
urn:ngsi-ld:Sensor:Kitchen_Humidity,67.101449275,2024-02-22T08:48:00.000Z,P1
urn:ngsi-ld:Sensor:Mailroom_Humidity,67.101449275,2024-02-22T08:48:00.000Z,P1
urn:ngsi-ld:Sensor:Lab_Humidity,66.211111111,2024-02-22T20:12:00.000Z,P1
urn:ngsi-ld:Sensor:Kitchen_Humidity,68.351785714,2024-02-22T20:12:00.000Z,P1
urn:ngsi-ld:Sensor:Mailroom_Humidity,68.351785714,2024-02-22T20:12:00.000Z,P1
urn:ngsi-ld:Sensor:Lab_Humidity,65.887179487,2024-02-23T07:36:00.000Z,P1
urn:ngsi-ld:Sensor:Kitchen_Humidity,67.731182796,2024-02-23T07:36:00.000Z,P1
urn:ngsi-ld:Sensor:Mailroom_Humidity,67.731182796,2024-02-23T07:36:00.000Z,P1
urn:ngsi-ld:Sensor:Lab_Humidity,68.283809524,2024-02-23T19:00:00.000Z,P1
urn:ngsi-ld:Sensor:Kitchen_Humidity,68.98496732,2024-02-23T19:00:00.000Z,P1
urn:ngsi-ld:Sensor:Mailroom_Humidity,68.98496732,2024-02-23T19:00:00.000Z,P1
urn:ngsi-ld:Sensor:Lab_Humidity,70.597619048,2024-02-24T06:24:00.000Z,P1
urn:ngsi-ld:Sensor:Kitchen_Humidity,71.362921348,2024-02-24T06:24:00.000Z,P1
urn:ngsi-ld:Sensor:Mailroom_Humidity,71.362921348,2024-02-24T06:24:00.000Z,P1
urn:ngsi-ld:Sensor:Lab_Humidity,70.419444444,2024-02-24T17:48:00.000Z,P1
urn:ngsi-ld:Sensor:Kitchen_Humidity,70.328205128,2024-02-24T17:48:00.000Z,P1
urn:ngsi-ld:Sensor:Mailroom_Humidity,70.328205128,2024-02-24T17:48:00.000Z,P1
urn:ngsi-ld:Sensor:Lab_Humidity,65.091489362,2024-02-25T05:12:00.000Z,P1
urn:ngsi-ld:Sensor:Kitchen_Humidity,67.5,2024-02-25T05:12:00.000Z,P1
urn:ngsi-ld:Sensor:Mailroom_Humidity,67.5,2024-02-25T05:12:00.000Z,P1
urn:ngsi-ld:Sensor:Lab_Humidity,63.381395349,2024-02-25T16:36:00.000Z,P1
urn:ngsi-ld:Sensor:Kitchen_Humidity,64.875,2024-02-25T16:36:00.000Z,P1
urn:ngsi-ld:Sensor:Mailroom_Humidity,64.875,2024-02-25T16:36:00.000Z,P1
urn:ngsi-ld:Sensor:Lab_Humidity,61.13515625,2024-02-26T04:00:00.000Z,P1
urn:ngsi-ld:Sensor:Kitchen_Humidity,62.229032258,2024-02-26T04:00:00.000Z,P1
urn:ngsi-ld:Sensor:Mailroom_Humidity,62.229032258,2024-02-26T04:00:00.000Z,P1
urn:ngsi-ld:Sensor:Lab_Humidity,62.405555556,2024-02-26T15:24:00.000Z,P1
urn:ngsi-ld:Sensor:Kitchen_Humidity,62.841116751,2024-02-26T15:24:00.000Z,P1
urn:ngsi-ld:Sensor:Mailroom_Humidity,62.841116751,2024-02-26T15:24:00.000Z,P1
urn:ngsi-ld:Sensor:Lab_Humidity,63.887619048,2024-02-27T02:48:00.000Z,P1
urn:ngsi-ld:Sensor:Kitchen_Humidity,64.137704918,2024-02-27T02:48:00.000Z,P1
urn:ngsi-ld:Sensor:Mailroom_Humidity,64.137704918,2024-02-27T02:48:00.000Z,P1
urn:ngsi-ld:Sensor:Lab_Humidity,59.519090909,2024-02-27T14:12:00.000Z,P1
urn:ngsi-ld:Sensor:Kitchen_Humidity,60.263546798,2024-02-27T14:12:00.000Z,P1
urn:ngsi-ld:Sensor:Mailroom_Humidity,60.263546798,2024-02-27T14:12:00.000Z,P1
urn:ngsi-ld:Sensor:Lab_Humidity,58.840540541,2024-02-28T01:36:00.000Z,P1
urn:ngsi-ld:Sensor:Kitchen_Humidity,59.835675676,2024-02-28T01:36:00.000Z,P1
urn:ngsi-ld:Sensor:Mailroom_Humidity,59.835675676,2024-02-28T01:36:00.000Z,P1
urn:ngsi-ld:Sensor:Lab_Humidity,64.397272727,2024-02-28T13:00:00.000Z,P1
urn:ngsi-ld:Sensor:Kitchen_Humidity,64.181428571,2024-02-28T13:00:00.000Z,P1
urn:ngsi-ld:Sensor:Mailroom_Humidity,64.181428571,2024-02-28T13:00:00.000Z,P1
urn:ngsi-ld:Sensor:Lab_Humidity,69.637804878,2024-02-29T00:24:00.000Z,P1
urn:ngsi-ld:Sensor:Kitchen_Humidity,70.241208791,2024-02-29T00:24:00.000Z,P1
urn:ngsi-ld:Sensor:Mailroom_Humidity,70.241208791,2024-02-29T00:24:00.000Z,P1
urn:ngsi-ld:Sensor:Lab_Humidity,58.501204819,2024-02-29T11:48:00.000Z,P1
urn:ngsi-ld:Sensor:Kitchen_Humidity,58.434782609,2024-02-29T11:48:00.000Z,P1
urn:ngsi-ld:Sensor:Mailroom_Humidity,58.434782609,2024-02-29T11:48:00.000Z,P1
urn:ngsi-ld:Sensor:Kitchen_Humidity,52.730857143,2024-02-29T23:12:00.000Z,P1
urn:ngsi-ld:Sensor:Mailroom_Humidity,52.730857143,2024-02-29T23:12:00.000Z,P1
urn:ngsi-ld:Sensor:Lab_Humidity,47.181651376,2024-03-01T10:36:00.000Z,P1
urn:ngsi-ld:Sensor:Kitchen_Humidity,47.81322314,2024-03-01T10:36:00.000Z,P1
urn:ngsi-ld:Sensor:Mailroom_Humidity,47.81322314,2024-03-01T10:36:00.000Z,P1
urn:ngsi-ld:Sensor:Lab_Humidity,44.207627119,2024-03-01T22:00:00.000Z,P1
urn:ngsi-ld:Sensor:Kitchen_Humidity,45.442424242,2024-03-01T22:00:00.000Z,P1
urn:ngsi-ld:Sensor:Mailroom_Humidity,45.442424242,2024-03-01T22:00:00.000Z,P1
urn:ngsi-ld:Sensor:Lab_Humidity,41.066666667,2024-03-02T09:24:00.000Z,P1
urn:ngsi-ld:Sensor:Kitchen_Humidity,42.330917874,2024-03-02T09:24:00.000Z,P1
urn:ngsi-ld:Sensor:Mailroom_Humidity,42.330917874,2024-03-02T09:24:00.000Z,P1
urn:ngsi-ld:Sensor:Lab_Humidity,43.657377049,2024-03-02T20:48:00.000Z,P1
urn:ngsi-ld:Sensor:Kitchen_Humidity,43.944221106,2024-03-02T20:48:00.000Z,P1
urn:ngsi-ld:Sensor:Mailroom_Humidity,43.944221106,2024-03-02T20:48:00.000Z,P1
urn:ngsi-ld:Sensor:Lab_Humidity,45.235820896,2024-03-03T08:12:00.000Z,P1
urn:ngsi-ld:Sensor:Kitchen_Humidity,45.994505495,2024-03-03T08:12:00.000Z,P1
urn:ngsi-ld:Sensor:Mailroom_Humidity,45.994505495,2024-03-03T08:12:00.000Z,P1
urn:ngsi-ld:Sensor:Lab_Humidity,52.11125,2024-03-03T19:36:00.000Z,P1
urn:ngsi-ld:Sensor:Kitchen_Humidity,52.010695187,2024-03-03T19:36:00.000Z,P1
urn:ngsi-ld:Sensor:Mailroom_Humidity,52.010695187,2024-03-03T19:36:00.000Z,P1
urn:ngsi-ld:Sensor:Lab_Humidity,59.124786325,2024-03-04T07:00:00.000Z,P1
urn:ngsi-ld:Sensor:Kitchen_Humidity,59.349541284,2024-03-04T07:00:00.000Z,P1
urn:ngsi-ld:Sensor:Mailroom_Humidity,59.349541284,2024-03-04T07:00:00.000Z,P1
urn:ngsi-ld:Sensor:Lab_Humidity,66.161971831,2024-03-04T18:24:00.000Z,P1
urn:ngsi-ld:Sensor:Kitchen_Humidity,65.241666667,2024-03-04T18:24:00.000Z,P1
urn:ngsi-ld:Sensor:Mailroom_Humidity,65.241666667,2024-03-04T18:24:00.000Z,P1
urn:ngsi-ld:Sensor:Lab_Humidity,65.503448276,2024-03-05T05:48:00.000Z,P1
urn:ngsi-ld:Sensor:Mailroom_Humidity,65.991860465,2024-03-05T05:48:00.000Z,P1
urn:ngsi-ld:Sensor:Lab_Humidity,77.270588235,2024-03-05T17:12:00.000Z,P1
urn:ngsi-ld:Sensor:Kitchen_Humidity,76.257142857,2024-03-05T17:12:00.000Z,P1
urn:ngsi-ld:Sensor:Mailroom_Humidity,76.257142857,2024-03-05T17:12:00.000Z,P1
urn:ngsi-ld:Sensor:Lab_Humidity,71.646721311,2024-03-06T04:36:00.000Z,P1
urn:ngsi-ld:Sensor:Kitchen_Humidity,71.44279661,2024-03-06T04:36:00.000Z,P1
urn:ngsi-ld:Sensor:Mailroom_Humidity,71.44279661,2024-03-06T04:36:00.000Z,P1
urn:ngsi-ld:Sensor:Lab_Humidity,64.108791209,2024-03-06T16:00:00.000Z,P1
urn:ngsi-ld:Sensor:Kitchen_Humidity,64.694904459,2024-03-06T16:00:00.000Z,P1
urn:ngsi-ld:Sensor:Mailroom_Humidity,64.694904459,2024-03-06T16:00:00.000Z,P1
urn:ngsi-ld:Sensor:Lab_Humidity,65.600952381,2024-03-07T03:24:00.000Z,P1
urn:ngsi-ld:Sensor:Kitchen_Humidity,66.939037433,2024-03-07T03:24:00.000Z,P1
urn:ngsi-ld:Sensor:Mailroom_Humidity,66.939037433,2024-03-07T03:24:00.000Z,P1
urn:ngsi-ld:Sensor:Kitchen_Humidity,65.773239437,2024-03-07T14:48:00.000Z,P1
urn:ngsi-ld:Sensor:Mailroom_Humidity,65.773239437,2024-03-07T14:48:00.000Z,P1
urn:ngsi-ld:Sensor:Lab_Humidity,70.324193548,2024-03-08T02:12:00.000Z,P1
urn:ngsi-ld:Sensor:Kitchen_Humidity,66.622377622,2024-03-08T02:12:00.000Z,P1
urn:ngsi-ld:Sensor:Mailroom_Humidity,66.622377622,2024-03-08T02:12:00.000Z,P1
urn:ngsi-ld:Sensor:Lab_Humidity,69.33828125,2024-03-08T13:36:00.000Z,P1
urn:ngsi-ld:Sensor:Kitchen_Humidity,69.341818182,2024-03-08T13:36:00.000Z,P1
urn:ngsi-ld:Sensor:Mailroom_Humidity,69.341818182,2024-03-08T13:36:00.000Z,P1
urn:ngsi-ld:Sensor:Lab_Humidity,75.687777778,2024-03-09T01:00:00.000Z,P1
urn:ngsi-ld:Sensor:Kitchen_Humidity,76.32987013,2024-03-09T01:00:00.000Z,P1
urn:ngsi-ld:Sensor:Lab_Humidity,75.4775,2024-03-09T12:24:00.000Z,P1
urn:ngsi-ld:Sensor:Kitchen_Humidity,76.185409253,2024-03-09T12:24:00.000Z,P1
urn:ngsi-ld:Sensor:Mailroom_Humidity,76.185409253,2024-03-09T12:24:00.000Z,P1
urn:ngsi-ld:Sensor:Lab_Humidity,74.262337662,2024-03-09T23:48:00.000Z,P1
urn:ngsi-ld:Sensor:Kitchen_Humidity,74.708783784,2024-03-09T23:48:00.000Z,P1
urn:ngsi-ld:Sensor:Lab_Humidity,73.295302013,2024-03-10T11:12:00.000Z,P1
urn:ngsi-ld:Sensor:Kitchen_Humidity,72.854017857,2024-03-10T11:12:00.000Z,P1
urn:ngsi-ld:Sensor:Mailroom_Humidity,72.854017857,2024-03-10T11:12:00.000Z,P1
urn:ngsi-ld:Sensor:Lab_Humidity,75.951456311,2024-03-10T22:36:00.000Z,P1
urn:ngsi-ld:Sensor:Kitchen_Humidity,75.788,2024-03-10T22:36:00.000Z,P1
urn:ngsi-ld:Sensor:Mailroom_Humidity,75.788,2024-03-10T22:36:00.000Z,P1
urn:ngsi-ld:Sensor:Lab_Humidity,63.851428571,2024-03-11T10:00:00.000Z,P1
urn:ngsi-ld:Sensor:Kitchen_Humidity,64.885957447,2024-03-11T10:00:00.000Z,P1
urn:ngsi-ld:Sensor:Mailroom_Humidity,64.885957447,2024-03-11T10:00:00.000Z,P1
urn:ngsi-ld:Sensor:Lab_Humidity,68.22278481,2024-03-11T21:24:00.000Z,P1
urn:ngsi-ld:Sensor:Mailroom_Humidity,68.871917808,2024-03-11T21:24:00.000Z,P1
urn:ngsi-ld:Sensor:Lab_Humidity,67.251538462,2024-03-12T08:48:00.000Z,P1
urn:ngsi-ld:Sensor:Kitchen_Humidity,67.665296804,2024-03-12T08:48:00.000Z,P1
urn:ngsi-ld:Sensor:Mailroom_Humidity,67.665296804,2024-03-12T08:48:00.000Z,P1
urn:ngsi-ld:Sensor:Lab_Humidity,66.3825,2024-03-12T20:12:00.000Z,P1
urn:ngsi-ld:Sensor:Kitchen_Humidity,66.59379845,2024-03-12T20:12:00.000Z,P1
urn:ngsi-ld:Sensor:Mailroom_Humidity,66.59379845,2024-03-12T20:12:00.000Z,P1
urn:ngsi-ld:Sensor:Lab_Humidity,62.515909091,2024-03-13T07:36:00.000Z,P1
urn:ngsi-ld:Sensor:Kitchen_Humidity,62.605309735,2024-03-13T07:36:00.000Z,P1
urn:ngsi-ld:Sensor:Mailroom_Humidity,62.605309735,2024-03-13T07:36:00.000Z,P1
urn:ngsi-ld:Sensor:Kitchen_Humidity,77.509090909,2024-03-13T19:00:00.000Z,P1
urn:ngsi-ld:Sensor:Mailroom_Humidity,77.509090909,2024-03-13T19:00:00.000Z,P1
urn:ngsi-ld:Sensor:Lab_Humidity,58.606321839,2024-03-14T06:24:00.000Z,P1
urn:ngsi-ld:Sensor:Kitchen_Humidity,59.764873418,2024-03-14T06:24:00.000Z,P1
urn:ngsi-ld:Sensor:Mailroom_Humidity,59.764873418,2024-03-14T06:24:00.000Z,P1
urn:ngsi-ld:Sensor:Lab_Humidity,70.521590909,2024-03-14T17:48:00.000Z,P1
urn:ngsi-ld:Sensor:Kitchen_Humidity,71.776344086,2024-03-14T17:48:00.000Z,P1
urn:ngsi-ld:Sensor:Mailroom_Humidity,71.776344086,2024-03-14T17:48:00.000Z,P1
urn:ngsi-ld:Sensor:Lab_Humidity,65.358064516,2024-03-15T05:12:00.000Z,P1
urn:ngsi-ld:Sensor:Kitchen_Humidity,68.945606695,2024-03-15T05:12:00.000Z,P1
urn:ngsi-ld:Sensor:Mailroom_Humidity,68.945606695,2024-03-15T05:12:00.000Z,P1
urn:ngsi-ld:Sensor:Lab_Humidity,64.788571429,2024-03-15T16:36:00.000Z,P1
urn:ngsi-ld:Sensor:Kitchen_Humidity,65.332786885,2024-03-15T16:36:00.000Z,P1
urn:ngsi-ld:Sensor:Mailroom_Humidity,65.332786885,2024-03-15T16:36:00.000Z,P1
urn:ngsi-ld:Sensor:Lab_Humidity,71.49010989,2024-03-16T04:00:00.000Z,P1
urn:ngsi-ld:Sensor:Mailroom_Humidity,72.008974359,2024-03-16T04:00:00.000Z,P1
urn:ngsi-ld:Sensor:Lab_Humidity,66.295238095,2024-03-16T15:24:00.000Z,P1
urn:ngsi-ld:Sensor:Kitchen_Humidity,68.011612903,2024-03-16T15:24:00.000Z,P1
urn:ngsi-ld:Sensor:Mailroom_Humidity,68.011612903,2024-03-16T15:24:00.000Z,P1
urn:ngsi-ld:Sensor:Lab_Humidity,61.779518072,2024-03-17T02:48:00.000Z,P1
urn:ngsi-ld:Sensor:Kitchen_Humidity,62.785135135,2024-03-17T02:48:00.000Z,P1
urn:ngsi-ld:Sensor:Mailroom_Humidity,62.785135135,2024-03-17T02:48:00.000Z,P1
urn:ngsi-ld:Sensor:Lab_Humidity,64.222695035,2024-03-17T14:12:00.000Z,P1
urn:ngsi-ld:Sensor:Kitchen_Humidity,64.561722488,2024-03-17T14:12:00.000Z,P1
urn:ngsi-ld:Sensor:Mailroom_Humidity,64.561722488,2024-03-17T14:12:00.000Z,P1
urn:ngsi-ld:Sensor:Lab_Humidity,63.574637681,2024-03-18T01:36:00.000Z,P1
urn:ngsi-ld:Sensor:Kitchen_Humidity,62.688257576,2024-03-18T01:36:00.000Z,P1
urn:ngsi-ld:Sensor:Mailroom_Humidity,62.688257576,2024-03-18T01:36:00.000Z,P1
urn:ngsi-ld:Sensor:Lab_Humidity,69.305223881,2024-03-18T13:00:00.000Z,P1
urn:ngsi-ld:Sensor:Kitchen_Humidity,65.289922481,2024-03-18T13:00:00.000Z,P1
urn:ngsi-ld:Sensor:Mailroom_Humidity,65.289922481,2024-03-18T13:00:00.000Z,P1
urn:ngsi-ld:Sensor:Lab_Humidity,75.529807692,2024-03-19T00:24:00.000Z,P1
urn:ngsi-ld:Sensor:Kitchen_Humidity,75.808163265,2024-03-19T00:24:00.000Z,P1
urn:ngsi-ld:Sensor:Lab_Humidity,70.443601896,2024-03-19T11:48:00.000Z,P1
urn:ngsi-ld:Sensor:Kitchen_Humidity,68.55739645,2024-03-19T11:48:00.000Z,P1
urn:ngsi-ld:Sensor:Mailroom_Humidity,68.55739645,2024-03-19T11:48:00.000Z,P1
urn:ngsi-ld:Sensor:Lab_Humidity,72.780645161,2024-03-19T23:12:00.000Z,P1
urn:ngsi-ld:Sensor:Kitchen_Humidity,74.456470588,2024-03-19T23:12:00.000Z,P1
urn:ngsi-ld:Sensor:Mailroom_Humidity,74.456470588,2024-03-19T23:12:00.000Z,P1
urn:ngsi-ld:Sensor:Lab_Humidity,60.590229885,2024-03-20T10:36:00.000Z,P1
urn:ngsi-ld:Sensor:Kitchen_Humidity,60.946783626,2024-03-20T10:36:00.000Z,P1
urn:ngsi-ld:Sensor:Mailroom_Humidity,60.946783626,2024-03-20T10:36:00.000Z,P1
urn:ngsi-ld:Sensor:Lab_Humidity,78.876923077,2024-03-20T22:00:00.000Z,P1
urn:ngsi-ld:Sensor:Kitchen_Humidity,78.977722772,2024-03-20T22:00:00.000Z,P1
urn:ngsi-ld:Sensor:Mailroom_Humidity,78.977722772,2024-03-20T22:00:00.000Z,P1
urn:ngsi-ld:Sensor:Lab_Humidity,68.171641791,2024-03-21T09:24:00.000Z,P1
urn:ngsi-ld:Sensor:Mailroom_Humidity,68.423809524,2024-03-21T09:24:00.000Z,P1
urn:ngsi-ld:Sensor:Lab_Humidity,71.275714286,2024-03-21T20:48:00.000Z,P1
urn:ngsi-ld:Sensor:Kitchen_Humidity,72.488489209,2024-03-21T20:48:00.000Z,P1
urn:ngsi-ld:Sensor:Mailroom_Humidity,72.488489209,2024-03-21T20:48:00.000Z,P1
urn:ngsi-ld:Sensor:Lab_Humidity,76.464028777,2024-03-22T08:12:00.000Z,P1
urn:ngsi-ld:Sensor:Kitchen_Humidity,76.111070111,2024-03-22T08:12:00.000Z,P1
urn:ngsi-ld:Sensor:Mailroom_Humidity,76.111070111,2024-03-22T08:12:00.000Z,P1
urn:ngsi-ld:Sensor:Lab_Humidity,81.475221239,2024-03-22T19:36:00.000Z,P1
urn:ngsi-ld:Sensor:Kitchen_Humidity,80.596585366,2024-03-22T19:36:00.000Z,P1
urn:ngsi-ld:Sensor:Mailroom_Humidity,80.596585366,2024-03-22T19:36:00.000Z,P1
urn:ngsi-ld:Sensor:Lab_Humidity,74.542682927,2024-03-23T07:00:00.000Z,P1
urn:ngsi-ld:Sensor:Kitchen_Humidity,75.819014085,2024-03-23T07:00:00.000Z,P1
urn:ngsi-ld:Sensor:Mailroom_Humidity,75.819014085,2024-03-23T07:00:00.000Z,P1
urn:ngsi-ld:Sensor:Lab_Humidity,70.455555556,2024-03-23T18:24:00.000Z,P1
urn:ngsi-ld:Sensor:Kitchen_Humidity,73.290434783,2024-03-23T18:24:00.000Z,P1
urn:ngsi-ld:Sensor:Mailroom_Humidity,73.290434783,2024-03-23T18:24:00.000Z,P1
urn:ngsi-ld:Sensor:Lab_Humidity,68.681372549,2024-03-24T05:48:00.000Z,P1
urn:ngsi-ld:Sensor:Mailroom_Humidity,72.557077626,2024-03-24T05:48:00.000Z,P1
urn:ngsi-ld:Sensor:Lab_Humidity,65.469620253,2024-03-24T17:12:00.000Z,P1
urn:ngsi-ld:Sensor:Kitchen_Humidity,68.311184211,2024-03-24T17:12:00.000Z,P1
urn:ngsi-ld:Sensor:Mailroom_Humidity,68.311184211,2024-03-24T17:12:00.000Z,P1
urn:ngsi-ld:Sensor:Lab_Humidity,51.85875,2024-03-25T04:36:00.000Z,P1
urn:ngsi-ld:Sensor:Kitchen_Humidity,52.763636364,2024-03-25T04:36:00.000Z,P1
urn:ngsi-ld:Sensor:Mailroom_Humidity,52.763636364,2024-03-25T04:36:00.000Z,P1
urn:ngsi-ld:Sensor:Lab_Humidity,59.461904762,2024-03-25T16:00:00.000Z,P1
urn:ngsi-ld:Sensor:Kitchen_Humidity,56.207094595,2024-03-25T16:00:00.000Z,P1
urn:ngsi-ld:Sensor:Lab_Humidity,71.038255034,2024-03-26T03:24:00.000Z,P1
urn:ngsi-ld:Sensor:Kitchen_Humidity,70.37625,2024-03-26T03:24:00.000Z,P1
urn:ngsi-ld:Sensor:Mailroom_Humidity,70.37625,2024-03-26T03:24:00.000Z,P1
urn:ngsi-ld:Sensor:Lab_Humidity,67.096568627,2024-03-26T14:48:00.000Z,P1
urn:ngsi-ld:Sensor:Kitchen_Humidity,66.751689189,2024-03-26T14:48:00.000Z,P1
urn:ngsi-ld:Sensor:Mailroom_Humidity,66.751689189,2024-03-26T14:48:00.000Z,P1
urn:ngsi-ld:Sensor:Lab_Humidity,69.286619718,2024-03-27T02:12:00.000Z,P1
urn:ngsi-ld:Sensor:Kitchen_Humidity,69.692490119,2024-03-27T02:12:00.000Z,P1
urn:ngsi-ld:Sensor:Mailroom_Humidity,69.692490119,2024-03-27T02:12:00.000Z,P1
urn:ngsi-ld:Sensor:Lab_Humidity,64.136363636,2024-03-27T13:36:00.000Z,P1
urn:ngsi-ld:Sensor:Kitchen_Humidity,66.664,2024-03-27T13:36:00.000Z,P1
urn:ngsi-ld:Sensor:Mailroom_Humidity,66.664,2024-03-27T13:36:00.000Z,P1
urn:ngsi-ld:Sensor:Lab_Humidity,68.037349398,2024-03-28T01:00:00.000Z,P1
urn:ngsi-ld:Sensor:Kitchen_Humidity,68.74822695,2024-03-28T01:00:00.000Z,P1
urn:ngsi-ld:Sensor:Lab_Humidity,67.16754386,2024-03-28T12:24:00.000Z,P1
urn:ngsi-ld:Sensor:Kitchen_Humidity,67.892592593,2024-03-28T12:24:00.000Z,P1
urn:ngsi-ld:Sensor:Mailroom_Humidity,67.892592593,2024-03-28T12:24:00.000Z,P1
urn:ngsi-ld:Sensor:Lab_Humidity,67.717910448,2024-03-28T23:48:00.000Z,P1
urn:ngsi-ld:Sensor:Kitchen_Humidity,68.126600985,2024-03-28T23:48:00.000Z,P1
urn:ngsi-ld:Sensor:Mailroom_Humidity,68.126600985,2024-03-28T23:48:00.000Z,P1
urn:ngsi-ld:Sensor:Lab_Humidity,69.5272,2024-03-29T11:12:00.000Z,P1
urn:ngsi-ld:Sensor:Kitchen_Humidity,69.851515152,2024-03-29T11:12:00.000Z,P1
urn:ngsi-ld:Sensor:Mailroom_Humidity,69.851515152,2024-03-29T11:12:00.000Z,P1
urn:ngsi-ld:Sensor:Lab_Humidity,72.947272727,2024-03-29T22:36:00.000Z,P1
urn:ngsi-ld:Sensor:Mailroom_Humidity,73.113930348,2024-03-29T22:36:00.000Z,P1
urn:ngsi-ld:Sensor:Lab_Humidity,72.731972789,2024-03-30T10:00:00.000Z,P1
urn:ngsi-ld:Sensor:Kitchen_Humidity,73.304347826,2024-03-30T10:00:00.000Z,P1
urn:ngsi-ld:Sensor:Mailroom_Humidity,73.304347826,2024-03-30T10:00:00.000Z,P1
urn:ngsi-ld:Sensor:Lab_Humidity,82.5234375,2024-03-30T21:24:00.000Z,P1
urn:ngsi-ld:Sensor:Kitchen_Humidity,82.307608696,2024-03-30T21:24:00.000Z,P1
urn:ngsi-ld:Sensor:Lab_Humidity,78.733,2024-03-31T08:48:00.000Z,P1
urn:ngsi-ld:Sensor:Kitchen_Humidity,78.085123967,2024-03-31T08:48:00.000Z,P1
urn:ngsi-ld:Sensor:Mailroom_Humidity,78.085123967,2024-03-31T08:48:00.000Z,P1
urn:ngsi-ld:Sensor:Lab_Humidity,76.305882353,2024-03-31T20:12:00.000Z,P1
urn:ngsi-ld:Sensor:Kitchen_Humidity,76.880876494,2024-03-31T20:12:00.000Z,P1
urn:ngsi-ld:Sensor:Mailroom_Humidity,76.880876494,2024-03-31T20:12:00.000Z,P1
urn:ngsi-ld:Sensor:Lab_Humidity,64.945967742,2024-04-01T07:36:00.000Z,P1
urn:ngsi-ld:Sensor:Kitchen_Humidity,66.742173913,2024-04-01T07:36:00.000Z,P1
urn:ngsi-ld:Sensor:Mailroom_Humidity,66.742173913,2024-04-01T07:36:00.000Z,P1
urn:ngsi-ld:Sensor:Lab_Humidity,67.769026549,2024-04-01T19:00:00.000Z,P1
urn:ngsi-ld:Sensor:Mailroom_Humidity,67.900555556,2024-04-01T19:00:00.000Z,P1
urn:ngsi-ld:Sensor:Lab_Humidity,64.503875969,2024-04-02T06:24:00.000Z,P1
urn:ngsi-ld:Sensor:Kitchen_Humidity,65.057142857,2024-04-02T06:24:00.000Z,P1
urn:ngsi-ld:Sensor:Mailroom_Humidity,65.057142857,2024-04-02T06:24:00.000Z,P1
urn:ngsi-ld:Sensor:Lab_Humidity,59.656140351,2024-04-02T17:48:00.000Z,P1
urn:ngsi-ld:Sensor:Kitchen_Humidity,60.336548223,2024-04-02T17:48:00.000Z,P1
urn:ngsi-ld:Sensor:Mailroom_Humidity,60.336548223,2024-04-02T17:48:00.000Z,P1
urn:ngsi-ld:Sensor:Lab_Humidity,53.275886525,2024-04-03T05:12:00.000Z,P1
urn:ngsi-ld:Sensor:Kitchen_Humidity,54.293939394,2024-04-03T05:12:00.000Z,P1
urn:ngsi-ld:Sensor:Mailroom_Humidity,54.293939394,2024-04-03T05:12:00.000Z,P1
urn:ngsi-ld:Sensor:Lab_Humidity,59.254411765,2024-04-03T16:36:00.000Z,P1
urn:ngsi-ld:Sensor:Kitchen_Humidity,59.699561404,2024-04-03T16:36:00.000Z,P1
urn:ngsi-ld:Sensor:Mailroom_Humidity,59.699561404,2024-04-03T16:36:00.000Z,P1
urn:ngsi-ld:Sensor:Lab_Humidity,53.578333333,2024-04-04T04:00:00.000Z,P1
urn:ngsi-ld:Sensor:Kitchen_Humidity,54.361616162,2024-04-04T04:00:00.000Z,P1
urn:ngsi-ld:Sensor:Mailroom_Humidity,54.361616162,2024-04-04T04:00:00.000Z,P1
urn:ngsi-ld:Sensor:Lab_Humidity,62.318987342,2024-04-04T15:24:00.000Z,P1
urn:ngsi-ld:Sensor:Kitchen_Humidity,61.93875,2024-04-04T15:24:00.000Z,P1
urn:ngsi-ld:Sensor:Mailroom_Humidity,61.93875,2024-04-04T15:24:00.000Z,P1
urn:ngsi-ld:Sensor:Lab_Humidity,66.196825397,2024-04-05T02:48:00.000Z,P1
urn:ngsi-ld:Sensor:Kitchen_Humidity,66.418090452,2024-04-05T02:48:00.000Z,P1
urn:ngsi-ld:Sensor:Mailroom_Humidity,66.418090452,2024-04-05T02:48:00.000Z,P1
urn:ngsi-ld:Sensor:Lab_Humidity,66.517518248,2024-04-05T14:12:00.000Z,P1
urn:ngsi-ld:Sensor:Kitchen_Humidity,65.955454545,2024-04-05T14:12:00.000Z,P1
urn:ngsi-ld:Sensor:Mailroom_Humidity,65.955454545,2024-04-05T14:12:00.000Z,P1
urn:ngsi-ld:Sensor:Lab_Humidity,66.037623762,2024-04-06T01:36:00.000Z,P1
urn:ngsi-ld:Sensor:Kitchen_Humidity,66.776136364,2024-04-06T01:36:00.000Z,P1
urn:ngsi-ld:Sensor:Mailroom_Humidity,66.776136364,2024-04-06T01:36:00.000Z,P1
urn:ngsi-ld:Sensor:Lab_Humidity,65.020253165,2024-04-06T13:00:00.000Z,P1
urn:ngsi-ld:Sensor:Kitchen_Humidity,65.265863454,2024-04-06T13:00:00.000Z,P1
urn:ngsi-ld:Sensor:Mailroom_Humidity,65.265863454,2024-04-06T13:00:00.000Z,P1
urn:ngsi-ld:Sensor:Lab_Humidity,61.983809524,2024-04-07T00:24:00.000Z,P1
urn:ngsi-ld:Sensor:Kitchen_Humidity,63.725287356,2024-04-07T00:24:00.000Z,P1
urn:ngsi-ld:Sensor:Mailroom_Humidity,63.725287356,2024-04-07T00:24:00.000Z,P1
urn:ngsi-ld:Sensor:Lab_Humidity,60.160958904,2024-04-07T11:48:00.000Z,P1
urn:ngsi-ld:Sensor:Kitchen_Humidity,59.956722689,2024-04-07T11:48:00.000Z,P1
urn:ngsi-ld:Sensor:Mailroom_Humidity,59.956722689,2024-04-07T11:48:00.000Z,P1
urn:ngsi-ld:Sensor:Lab_Humidity,64.866129032,2024-04-07T23:12:00.000Z,P1
urn:ngsi-ld:Sensor:Kitchen_Humidity,65.438541667,2024-04-07T23:12:00.000Z,P1
urn:ngsi-ld:Sensor:Mailroom_Humidity,65.438541667,2024-04-07T23:12:00.000Z,P1
urn:ngsi-ld:Sensor:Lab_Humidity,45.373513514,2024-04-08T10:36:00.000Z,P1
urn:ngsi-ld:Sensor:Kitchen_Humidity,48.007667732,2024-04-08T10:36:00.000Z,P1
urn:ngsi-ld:Sensor:Mailroom_Humidity,48.007667732,2024-04-08T10:36:00.000Z,P1
urn:ngsi-ld:Sensor:Lab_Humidity,63.56163522,2024-04-08T22:00:00.000Z,P1
urn:ngsi-ld:Sensor:Kitchen_Humidity,63.795762712,2024-04-08T22:00:00.000Z,P1
urn:ngsi-ld:Sensor:Mailroom_Humidity,63.795762712,2024-04-08T22:00:00.000Z,P1
urn:ngsi-ld:Sensor:Lab_Humidity,60.75323741,2024-04-09T09:24:00.000Z,P1
urn:ngsi-ld:Sensor:Kitchen_Humidity,61.83562753,2024-04-09T09:24:00.000Z,P1
urn:ngsi-ld:Sensor:Mailroom_Humidity,61.83562753,2024-04-09T09:24:00.000Z,P1
urn:ngsi-ld:Sensor:Lab_Humidity,63.88447205,2024-04-09T20:48:00.000Z,P1
urn:ngsi-ld:Sensor:Kitchen_Humidity,64.256680162,2024-04-09T20:48:00.000Z,P1
urn:ngsi-ld:Sensor:Mailroom_Humidity,64.256680162,2024-04-09T20:48:00.000Z,P1
urn:ngsi-ld:Sensor:Lab_Humidity,60.681632653,2024-04-10T08:12:00.000Z,P1
urn:ngsi-ld:Sensor:Kitchen_Humidity,61.825806452,2024-04-10T08:12:00.000Z,P1
urn:ngsi-ld:Sensor:Mailroom_Humidity,61.825806452,2024-04-10T08:12:00.000Z,P1
urn:ngsi-ld:Sensor:Lab_Humidity,63.831360947,2024-04-10T19:36:00.000Z,P1
urn:ngsi-ld:Sensor:Kitchen_Humidity,64.215918367,2024-04-10T19:36:00.000Z,P1
urn:ngsi-ld:Sensor:Mailroom_Humidity,64.215918367,2024-04-10T19:36:00.000Z,P1
urn:ngsi-ld:Sensor:Lab_Humidity,66.491489362,2024-04-11T07:00:00.000Z,P1
urn:ngsi-ld:Sensor:Kitchen_Humidity,66.588559322,2024-04-11T07:00:00.000Z,P1
urn:ngsi-ld:Sensor:Mailroom_Humidity,66.588559322,2024-04-11T07:00:00.000Z,P1
urn:ngsi-ld:Sensor:Lab_Humidity,74.374850299,2024-04-11T18:24:00.000Z,P1
urn:ngsi-ld:Sensor:Kitchen_Humidity,74.184452297,2024-04-11T18:24:00.000Z,P1
urn:ngsi-ld:Sensor:Mailroom_Humidity,74.184452297,2024-04-11T18:24:00.000Z,P1
urn:ngsi-ld:Sensor:Lab_Humidity,73.359868421,2024-04-12T05:48:00.000Z,P1
urn:ngsi-ld:Sensor:Mailroom_Humidity,73.507167235,2024-04-12T05:48:00.000Z,P1
urn:ngsi-ld:Sensor:Lab_Humidity,62.653804348,2024-04-12T17:12:00.000Z,P1
urn:ngsi-ld:Sensor:Mailroom_Humidity,63.403584229,2024-04-12T17:12:00.000Z,P1
urn:ngsi-ld:Sensor:Lab_Humidity,57.744324324,2024-04-13T04:36:00.000Z,P1
urn:ngsi-ld:Sensor:Kitchen_Humidity,59.054063604,2024-04-13T04:36:00.000Z,P1
urn:ngsi-ld:Sensor:Mailroom_Humidity,59.054063604,2024-04-13T04:36:00.000Z,P1
urn:ngsi-ld:Sensor:Lab_Humidity,59.918674699,2024-04-13T16:00:00.000Z,P1
urn:ngsi-ld:Sensor:Kitchen_Humidity,60.607608696,2024-04-13T16:00:00.000Z,P1
urn:ngsi-ld:Sensor:Mailroom_Humidity,60.607608696,2024-04-13T16:00:00.000Z,P1
urn:ngsi-ld:Sensor:Lab_Humidity,59.443396226,2024-04-14T03:24:00.000Z,P1
urn:ngsi-ld:Sensor:Kitchen_Humidity,59.934583333,2024-04-14T03:24:00.000Z,P1
urn:ngsi-ld:Sensor:Mailroom_Humidity,59.934583333,2024-04-14T03:24:00.000Z,P1
urn:ngsi-ld:Sensor:Lab_Humidity,48.827516779,2024-04-14T14:48:00.000Z,P1
urn:ngsi-ld:Sensor:Kitchen_Humidity,50.251470588,2024-04-14T14:48:00.000Z,P1
urn:ngsi-ld:Sensor:Mailroom_Humidity,50.251470588,2024-04-14T14:48:00.000Z,P1
urn:ngsi-ld:Sensor:Lab_Humidity,50.493548387,2024-04-15T02:12:00.000Z,P1
urn:ngsi-ld:Sensor:Kitchen_Humidity,50.564414414,2024-04-15T02:12:00.000Z,P1
urn:ngsi-ld:Sensor:Lab_Humidity,66.374509804,2024-04-15T13:36:00.000Z,P1
urn:ngsi-ld:Sensor:Kitchen_Humidity,63.264485981,2024-04-15T13:36:00.000Z,P1
urn:ngsi-ld:Sensor:Mailroom_Humidity,63.264485981,2024-04-15T13:36:00.000Z,P1
urn:ngsi-ld:Sensor:Lab_Humidity,79.632608696,2024-04-16T01:00:00.000Z,P1
urn:ngsi-ld:Sensor:Kitchen_Humidity,74.096039604,2024-04-16T01:00:00.000Z,P1
urn:ngsi-ld:Sensor:Mailroom_Humidity,74.096039604,2024-04-16T01:00:00.000Z,P1
urn:ngsi-ld:Sensor:Lab_Humidity,81.68880597,2024-04-16T12:24:00.000Z,P1
urn:ngsi-ld:Sensor:Kitchen_Humidity,78.860784314,2024-04-16T12:24:00.000Z,P1
urn:ngsi-ld:Sensor:Mailroom_Humidity,78.860784314,2024-04-16T12:24:00.000Z,P1
urn:ngsi-ld:Sensor:Lab_Humidity,80.129565217,2024-04-16T23:48:00.000Z,P1
urn:ngsi-ld:Sensor:Kitchen_Humidity,77.005581395,2024-04-16T23:48:00.000Z,P1
urn:ngsi-ld:Sensor:Mailroom_Humidity,77.005581395,2024-04-16T23:48:00.000Z,P1
urn:ngsi-ld:Sensor:Lab_Humidity,75.790990991,2024-04-17T11:12:00.000Z,P1
urn:ngsi-ld:Sensor:Kitchen_Humidity,75.128089888,2024-04-17T11:12:00.000Z,P1
urn:ngsi-ld:Sensor:Mailroom_Humidity,75.128089888,2024-04-17T11:12:00.000Z,P1
urn:ngsi-ld:Sensor:Lab_Humidity,75.6,2024-04-17T22:36:00.000Z,P1
urn:ngsi-ld:Sensor:Mailroom_Humidity,75.403030303,2024-04-17T22:36:00.000Z,P1
urn:ngsi-ld:Sensor:Lab_Humidity,59.12265625,2024-04-18T10:00:00.000Z,P1
urn:ngsi-ld:Sensor:Kitchen_Humidity,62.368644068,2024-04-18T10:00:00.000Z,P1
urn:ngsi-ld:Sensor:Mailroom_Humidity,62.368644068,2024-04-18T10:00:00.000Z,P1
urn:ngsi-ld:Sensor:Lab_Humidity,64.235849057,2024-04-18T21:24:00.000Z,P1
urn:ngsi-ld:Sensor:Kitchen_Humidity,65.39787234,2024-04-18T21:24:00.000Z,P1
urn:ngsi-ld:Sensor:Mailroom_Humidity,65.39787234,2024-04-18T21:24:00.000Z,P1
urn:ngsi-ld:Sensor:Lab_Humidity,62.167045455,2024-04-19T08:48:00.000Z,P1
urn:ngsi-ld:Sensor:Kitchen_Humidity,62.907954545,2024-04-19T08:48:00.000Z,P1
urn:ngsi-ld:Sensor:Mailroom_Humidity,62.907954545,2024-04-19T08:48:00.000Z,P1
urn:ngsi-ld:Sensor:Lab_Humidity,73.376237624,2024-04-19T20:12:00.000Z,P1
urn:ngsi-ld:Sensor:Kitchen_Humidity,73.605194805,2024-04-19T20:12:00.000Z,P1
urn:ngsi-ld:Sensor:Mailroom_Humidity,73.605194805,2024-04-19T20:12:00.000Z,P1
urn:ngsi-ld:Sensor:Lab_Humidity,66.208695652,2024-04-20T07:36:00.000Z,P1
urn:ngsi-ld:Sensor:Kitchen_Humidity,67.050442478,2024-04-20T07:36:00.000Z,P1
urn:ngsi-ld:Sensor:Mailroom_Humidity,67.050442478,2024-04-20T07:36:00.000Z,P1
urn:ngsi-ld:Sensor:Lab_Humidity,76.433333333,2024-04-20T19:00:00.000Z,P1
urn:ngsi-ld:Sensor:Kitchen_Humidity,76.727040816,2024-04-20T19:00:00.000Z,P1
urn:ngsi-ld:Sensor:Mailroom_Humidity,76.727040816,2024-04-20T19:00:00.000Z,P1
urn:ngsi-ld:Sensor:Lab_Humidity,71.102013423,2024-04-21T06:24:00.000Z,P1
urn:ngsi-ld:Sensor:Kitchen_Humidity,72.639393939,2024-04-21T06:24:00.000Z,P1
urn:ngsi-ld:Sensor:Mailroom_Humidity,72.639393939,2024-04-21T06:24:00.000Z,P1
urn:ngsi-ld:Sensor:Lab_Humidity,57.868269231,2024-04-21T17:48:00.000Z,P1
urn:ngsi-ld:Sensor:Kitchen_Humidity,58.842285714,2024-04-21T17:48:00.000Z,P1
urn:ngsi-ld:Sensor:Mailroom_Humidity,58.842285714,2024-04-21T17:48:00.000Z,P1
urn:ngsi-ld:Sensor:Lab_Humidity,49.634782609,2024-04-22T05:12:00.000Z,P1
urn:ngsi-ld:Sensor:Kitchen_Humidity,51.122509225,2024-04-22T05:12:00.000Z,P1
urn:ngsi-ld:Sensor:Mailroom_Humidity,51.122509225,2024-04-22T05:12:00.000Z,P1
urn:ngsi-ld:Sensor:Lab_Humidity,53.101369863,2024-04-22T16:36:00.000Z,P1
urn:ngsi-ld:Sensor:Kitchen_Humidity,54.399616858,2024-04-22T16:36:00.000Z,P1
urn:ngsi-ld:Sensor:Mailroom_Humidity,54.399616858,2024-04-22T16:36:00.000Z,P1
urn:ngsi-ld:Sensor:Lab_Humidity,59.696062992,2024-04-23T04:00:00.000Z,P1
urn:ngsi-ld:Sensor:Kitchen_Humidity,60.691071429,2024-04-23T04:00:00.000Z,P1
urn:ngsi-ld:Sensor:Mailroom_Humidity,60.691071429,2024-04-23T04:00:00.000Z,P1
urn:ngsi-ld:Sensor:Lab_Humidity,66.259748428,2024-04-23T15:24:00.000Z,P1
urn:ngsi-ld:Sensor:Kitchen_Humidity,65.81122449,2024-04-23T15:24:00.000Z,P1
urn:ngsi-ld:Sensor:Mailroom_Humidity,65.81122449,2024-04-23T15:24:00.000Z,P1
urn:ngsi-ld:Sensor:Lab_Humidity,75.352173913,2024-04-24T02:48:00.000Z,P1
urn:ngsi-ld:Sensor:Kitchen_Humidity,76.420873786,2024-04-24T02:48:00.000Z,P1
urn:ngsi-ld:Sensor:Mailroom_Humidity,76.420873786,2024-04-24T02:48:00.000Z,P1
urn:ngsi-ld:Sensor:Lab_Humidity,62.736842105,2024-04-24T14:12:00.000Z,P1
urn:ngsi-ld:Sensor:Kitchen_Humidity,63.286238532,2024-04-24T14:12:00.000Z,P1
urn:ngsi-ld:Sensor:Mailroom_Humidity,63.286238532,2024-04-24T14:12:00.000Z,P1
urn:ngsi-ld:Sensor:Lab_Humidity,54.285534591,2024-04-25T01:36:00.000Z,P1
urn:ngsi-ld:Sensor:Kitchen_Humidity,55.527756654,2024-04-25T01:36:00.000Z,P1
urn:ngsi-ld:Sensor:Mailroom_Humidity,55.527756654,2024-04-25T01:36:00.000Z,P1
urn:ngsi-ld:Sensor:Lab_Humidity,44.3875,2024-04-25T13:00:00.000Z,P1
urn:ngsi-ld:Sensor:Kitchen_Humidity,46.209265176,2024-04-25T13:00:00.000Z,P1
urn:ngsi-ld:Sensor:Mailroom_Humidity,46.209265176,2024-04-25T13:00:00.000Z,P1
urn:ngsi-ld:Sensor:Lab_Humidity,54.273563218,2024-04-26T00:24:00.000Z,P1
urn:ngsi-ld:Sensor:Kitchen_Humidity,54.613090909,2024-04-26T00:24:00.000Z,P1
urn:ngsi-ld:Sensor:Mailroom_Humidity,54.613090909,2024-04-26T00:24:00.000Z,P1
urn:ngsi-ld:Sensor:Lab_Humidity,58.121019108,2024-04-26T11:48:00.000Z,P1
urn:ngsi-ld:Sensor:Kitchen_Humidity,58.622580645,2024-04-26T11:48:00.000Z,P1
urn:ngsi-ld:Sensor:Mailroom_Humidity,58.622580645,2024-04-26T11:48:00.000Z,P1
urn:ngsi-ld:Sensor:Lab_Humidity,67.467283951,2024-04-26T23:12:00.000Z,P1
urn:ngsi-ld:Sensor:Kitchen_Humidity,67.433877551,2024-04-26T23:12:00.000Z,P1
urn:ngsi-ld:Sensor:Mailroom_Humidity,67.433877551,2024-04-26T23:12:00.000Z,P1
urn:ngsi-ld:Sensor:Lab_Humidity,60.002285714,2024-04-27T10:36:00.000Z,P1
urn:ngsi-ld:Sensor:Kitchen_Humidity,60.696014493,2024-04-27T10:36:00.000Z,P1
urn:ngsi-ld:Sensor:Mailroom_Humidity,60.696014493,2024-04-27T10:36:00.000Z,P1
urn:ngsi-ld:Sensor:Lab_Humidity,60.592156863,2024-04-27T22:00:00.000Z,P1
urn:ngsi-ld:Sensor:Kitchen_Humidity,61.066528926,2024-04-27T22:00:00.000Z,P1
urn:ngsi-ld:Sensor:Mailroom_Humidity,61.066528926,2024-04-27T22:00:00.000Z,P1
urn:ngsi-ld:Sensor:Lab_Humidity,60.17875,2024-04-28T09:24:00.000Z,P1
urn:ngsi-ld:Sensor:Kitchen_Humidity,61.170850202,2024-04-28T09:24:00.000Z,P1
urn:ngsi-ld:Sensor:Mailroom_Humidity,61.170850202,2024-04-28T09:24:00.000Z,P1
urn:ngsi-ld:Sensor:Lab_Humidity,57.445360825,2024-04-28T20:48:00.000Z,P1
urn:ngsi-ld:Sensor:Kitchen_Humidity,57.416184971,2024-04-28T20:48:00.000Z,P1
urn:ngsi-ld:Sensor:Mailroom_Humidity,57.416184971,2024-04-28T20:48:00.000Z,P1
urn:ngsi-ld:Sensor:Lab_Humidity,60.846511628,2024-04-29T08:12:00.000Z,P1
urn:ngsi-ld:Sensor:Kitchen_Humidity,61.598181818,2024-04-29T08:12:00.000Z,P1
urn:ngsi-ld:Sensor:Mailroom_Humidity,61.598181818,2024-04-29T08:12:00.000Z,P1
urn:ngsi-ld:Sensor:Lab_Humidity,55.9,2024-04-29T19:36:00.000Z,P1
urn:ngsi-ld:Sensor:Kitchen_Humidity,57.011814346,2024-04-29T19:36:00.000Z,P1
urn:ngsi-ld:Sensor:Mailroom_Humidity,57.011814346,2024-04-29T19:36:00.000Z,P1
urn:ngsi-ld:Sensor:Lab_Humidity,63.020394737,2024-04-30T07:00:00.000Z,P1
urn:ngsi-ld:Sensor:Kitchen_Humidity,62.835135135,2024-04-30T07:00:00.000Z,P1
urn:ngsi-ld:Sensor:Mailroom_Humidity,62.835135135,2024-04-30T07:00:00.000Z,P1
urn:ngsi-ld:Sensor:Lab_Humidity,64.783333333,2024-04-30T18:24:00.000Z,P1
urn:ngsi-ld:Sensor:Kitchen_Humidity,63.717622951,2024-04-30T18:24:00.000Z,P1
urn:ngsi-ld:Sensor:Mailroom_Humidity,63.717622951,2024-04-30T18:24:00.000Z,P1
urn:ngsi-ld:Sensor:Lab_Humidity,62.794594595,2024-05-01T05:48:00.000Z,P1
urn:ngsi-ld:Sensor:Kitchen_Humidity,63.936597938,2024-05-01T05:48:00.000Z,P1
urn:ngsi-ld:Sensor:Mailroom_Humidity,63.936597938,2024-05-01T05:48:00.000Z,P1
urn:ngsi-ld:Sensor:Lab_Humidity,63.585,2024-05-01T17:12:00.000Z,P1
urn:ngsi-ld:Sensor:Kitchen_Humidity,63.570689655,2024-05-01T17:12:00.000Z,P1
urn:ngsi-ld:Sensor:Mailroom_Humidity,63.570689655,2024-05-01T17:12:00.000Z,P1
urn:ngsi-ld:Sensor:Lab_Humidity,84.096808511,2024-05-02T04:36:00.000Z,P1
urn:ngsi-ld:Sensor:Kitchen_Humidity,84.479393939,2024-05-02T04:36:00.000Z,P1
urn:ngsi-ld:Sensor:Mailroom_Humidity,84.479393939,2024-05-02T04:36:00.000Z,P1
urn:ngsi-ld:Sensor:Lab_Humidity,83.727586207,2024-05-02T16:00:00.000Z,P1
urn:ngsi-ld:Sensor:Kitchen_Humidity,85.657798165,2024-05-02T16:00:00.000Z,P1
urn:ngsi-ld:Sensor:Mailroom_Humidity,85.657798165,2024-05-02T16:00:00.000Z,P1
urn:ngsi-ld:Sensor:Lab_Humidity,81.033333333,2024-05-03T03:24:00.000Z,P1
urn:ngsi-ld:Sensor:Kitchen_Humidity,82.594871795,2024-05-03T03:24:00.000Z,P1
urn:ngsi-ld:Sensor:Lab_Humidity,76.052755906,2024-05-03T14:48:00.000Z,P1
urn:ngsi-ld:Sensor:Kitchen_Humidity,77.123529412,2024-05-03T14:48:00.000Z,P1
urn:ngsi-ld:Sensor:Lab_Humidity,68.67826087,2024-05-04T02:12:00.000Z,P1
urn:ngsi-ld:Sensor:Kitchen_Humidity,71.612101911,2024-05-04T02:12:00.000Z,P1
urn:ngsi-ld:Sensor:Mailroom_Humidity,71.612101911,2024-05-04T02:12:00.000Z,P1
urn:ngsi-ld:Sensor:Lab_Humidity,62.912571429,2024-05-04T13:36:00.000Z,P1
urn:ngsi-ld:Sensor:Kitchen_Humidity,64.401984127,2024-05-04T13:36:00.000Z,P1
urn:ngsi-ld:Sensor:Mailroom_Humidity,64.401984127,2024-05-04T13:36:00.000Z,P1
urn:ngsi-ld:Sensor:Lab_Humidity,68.909150327,2024-05-05T01:00:00.000Z,P1
urn:ngsi-ld:Sensor:Kitchen_Humidity,70.710561056,2024-05-05T01:00:00.000Z,P1
urn:ngsi-ld:Sensor:Mailroom_Humidity,70.710561056,2024-05-05T01:00:00.000Z,P1
urn:ngsi-ld:Sensor:Lab_Humidity,48.187837838,2024-05-05T12:24:00.000Z,P1
urn:ngsi-ld:Sensor:Kitchen_Humidity,49.634441088,2024-05-05T12:24:00.000Z,P1
urn:ngsi-ld:Sensor:Mailroom_Humidity,49.634441088,2024-05-05T12:24:00.000Z,P1
urn:ngsi-ld:Sensor:Lab_Humidity,63.569172932,2024-05-05T23:48:00.000Z,P1
urn:ngsi-ld:Sensor:Kitchen_Humidity,62.4125,2024-05-05T23:48:00.000Z,P1
urn:ngsi-ld:Sensor:Mailroom_Humidity,62.4125,2024-05-05T23:48:00.000Z,P1
urn:ngsi-ld:Sensor:Lab_Humidity,59.560509554,2024-05-06T11:12:00.000Z,P1
urn:ngsi-ld:Sensor:Kitchen_Humidity,58.251181102,2024-05-06T11:12:00.000Z,P1
urn:ngsi-ld:Sensor:Mailroom_Humidity,58.251181102,2024-05-06T11:12:00.000Z,P1
urn:ngsi-ld:Sensor:Lab_Humidity,69.309565217,2024-05-06T22:36:00.000Z,P1
urn:ngsi-ld:Sensor:Kitchen_Humidity,69.082887701,2024-05-06T22:36:00.000Z,P1
urn:ngsi-ld:Sensor:Mailroom_Humidity,69.082887701,2024-05-06T22:36:00.000Z,P1
urn:ngsi-ld:Sensor:Lab_Humidity,65.098484848,2024-05-07T10:00:00.000Z,P1
urn:ngsi-ld:Sensor:Kitchen_Humidity,64.188844622,2024-05-07T10:00:00.000Z,P1
urn:ngsi-ld:Sensor:Mailroom_Humidity,64.188844622,2024-05-07T10:00:00.000Z,P1
urn:ngsi-ld:Sensor:Lab_Humidity,73.04609375,2024-05-07T21:24:00.000Z,P1
urn:ngsi-ld:Sensor:Kitchen_Humidity,72.730805687,2024-05-07T21:24:00.000Z,P1
urn:ngsi-ld:Sensor:Mailroom_Humidity,72.730805687,2024-05-07T21:24:00.000Z,P1
urn:ngsi-ld:Sensor:Lab_Humidity,57.569166667,2024-05-08T08:48:00.000Z,P1
urn:ngsi-ld:Sensor:Kitchen_Humidity,57.929767442,2024-05-08T08:48:00.000Z,P1
urn:ngsi-ld:Sensor:Mailroom_Humidity,57.929767442,2024-05-08T08:48:00.000Z,P1
urn:ngsi-ld:Sensor:Lab_Humidity,71.582300885,2024-05-08T20:12:00.000Z,P1
urn:ngsi-ld:Sensor:Kitchen_Humidity,71.614009662,2024-05-08T20:12:00.000Z,P1
urn:ngsi-ld:Sensor:Mailroom_Humidity,71.614009662,2024-05-08T20:12:00.000Z,P1
urn:ngsi-ld:Sensor:Lab_Humidity,54.357692308,2024-05-09T07:36:00.000Z,P1
urn:ngsi-ld:Sensor:Kitchen_Humidity,55.844011142,2024-05-09T07:36:00.000Z,P1
urn:ngsi-ld:Sensor:Mailroom_Humidity,55.844011142,2024-05-09T07:36:00.000Z,P1
urn:ngsi-ld:Sensor:Lab_Humidity,66.696969697,2024-05-09T19:00:00.000Z,P1
urn:ngsi-ld:Sensor:Kitchen_Humidity,66.791176471,2024-05-09T19:00:00.000Z,P1
urn:ngsi-ld:Sensor:Mailroom_Humidity,66.791176471,2024-05-09T19:00:00.000Z,P1
urn:ngsi-ld:Sensor:Lab_Humidity,66.628723404,2024-05-10T06:24:00.000Z,P1
urn:ngsi-ld:Sensor:Kitchen_Humidity,67.036363636,2024-05-10T06:24:00.000Z,P1
urn:ngsi-ld:Sensor:Mailroom_Humidity,67.036363636,2024-05-10T06:24:00.000Z,P1
urn:ngsi-ld:Sensor:Lab_Humidity,75.475,2024-05-10T17:48:00.000Z,P1
urn:ngsi-ld:Sensor:Mailroom_Humidity,75.946728972,2024-05-10T17:48:00.000Z,P1
urn:ngsi-ld:Sensor:Lab_Humidity,70.110377358,2024-05-11T05:12:00.000Z,P1
urn:ngsi-ld:Sensor:Kitchen_Humidity,71.134782609,2024-05-11T05:12:00.000Z,P1
urn:ngsi-ld:Sensor:Mailroom_Humidity,71.134782609,2024-05-11T05:12:00.000Z,P1
urn:ngsi-ld:Sensor:Lab_Humidity,76.310280374,2024-05-11T16:36:00.000Z,P1
urn:ngsi-ld:Sensor:Kitchen_Humidity,76.108333333,2024-05-11T16:36:00.000Z,P1
urn:ngsi-ld:Sensor:Mailroom_Humidity,76.108333333,2024-05-11T16:36:00.000Z,P1
urn:ngsi-ld:Sensor:Lab_Humidity,75.851260504,2024-05-12T04:00:00.000Z,P1
urn:ngsi-ld:Sensor:Kitchen_Humidity,77.11185567,2024-05-12T04:00:00.000Z,P1
urn:ngsi-ld:Sensor:Mailroom_Humidity,77.11185567,2024-05-12T04:00:00.000Z,P1
urn:ngsi-ld:Sensor:Lab_Humidity,67.668041237,2024-05-12T15:24:00.000Z,P1
urn:ngsi-ld:Sensor:Kitchen_Humidity,68.316574586,2024-05-12T15:24:00.000Z,P1
urn:ngsi-ld:Sensor:Mailroom_Humidity,68.316574586,2024-05-12T15:24:00.000Z,P1
urn:ngsi-ld:Sensor:Lab_Humidity,71.863432836,2024-05-13T02:48:00.000Z,P1
urn:ngsi-ld:Sensor:Kitchen_Humidity,73.197637795,2024-05-13T02:48:00.000Z,P1
urn:ngsi-ld:Sensor:Mailroom_Humidity,73.197637795,2024-05-13T02:48:00.000Z,P1
urn:ngsi-ld:Sensor:Lab_Humidity,66.469473684,2024-05-13T14:12:00.000Z,P1
urn:ngsi-ld:Sensor:Kitchen_Humidity,67.026923077,2024-05-13T14:12:00.000Z,P1
urn:ngsi-ld:Sensor:Mailroom_Humidity,67.026923077,2024-05-13T14:12:00.000Z,P1
urn:ngsi-ld:Sensor:Lab_Humidity,57.180681818,2024-05-14T01:36:00.000Z,P1
urn:ngsi-ld:Sensor:Kitchen_Humidity,59.422435897,2024-05-14T01:36:00.000Z,P1
urn:ngsi-ld:Sensor:Mailroom_Humidity,59.422435897,2024-05-14T01:36:00.000Z,P1
urn:ngsi-ld:Sensor:Lab_Humidity,52.566666667,2024-05-14T13:00:00.000Z,P1
urn:ngsi-ld:Sensor:Kitchen_Humidity,52.721212121,2024-05-14T13:00:00.000Z,P1
urn:ngsi-ld:Sensor:Mailroom_Humidity,52.721212121,2024-05-14T13:00:00.000Z,P1
urn:ngsi-ld:Sensor:Lab_Humidity,63.411206897,2024-05-15T00:24:00.000Z,P1
urn:ngsi-ld:Sensor:Kitchen_Humidity,64.50959596,2024-05-15T00:24:00.000Z,P1
urn:ngsi-ld:Sensor:Mailroom_Humidity,64.50959596,2024-05-15T00:24:00.000Z,P1
urn:ngsi-ld:Sensor:Lab_Humidity,49.072903226,2024-05-15T11:48:00.000Z,P1
urn:ngsi-ld:Sensor:Mailroom_Humidity,51.710835913,2024-05-15T11:48:00.000Z,P1
urn:ngsi-ld:Sensor:Lab_Humidity,61.903773585,2024-05-15T23:12:00.000Z,P1
urn:ngsi-ld:Sensor:Kitchen_Humidity,63.770466321,2024-05-15T23:12:00.000Z,P1
urn:ngsi-ld:Sensor:Mailroom_Humidity,63.770466321,2024-05-15T23:12:00.000Z,P1
urn:ngsi-ld:Sensor:Lab_Humidity,50.253731343,2024-05-16T10:36:00.000Z,P1
urn:ngsi-ld:Sensor:Kitchen_Humidity,52.515217391,2024-05-16T10:36:00.000Z,P1
urn:ngsi-ld:Sensor:Mailroom_Humidity,52.515217391,2024-05-16T10:36:00.000Z,P1
urn:ngsi-ld:Sensor:Lab_Humidity,68.523140496,2024-05-16T22:00:00.000Z,P1
urn:ngsi-ld:Sensor:Kitchen_Humidity,71.498312236,2024-05-16T22:00:00.000Z,P1
urn:ngsi-ld:Sensor:Mailroom_Humidity,71.498312236,2024-05-16T22:00:00.000Z,P1
urn:ngsi-ld:Sensor:Lab_Humidity,53.428712871,2024-05-17T09:24:00.000Z,P1
urn:ngsi-ld:Sensor:Kitchen_Humidity,55.201904762,2024-05-17T09:24:00.000Z,P1
urn:ngsi-ld:Sensor:Mailroom_Humidity,55.201904762,2024-05-17T09:24:00.000Z,P1
urn:ngsi-ld:Sensor:Lab_Humidity,64.254744526,2024-05-17T20:48:00.000Z,P1
urn:ngsi-ld:Sensor:Kitchen_Humidity,65.536651584,2024-05-17T20:48:00.000Z,P1
urn:ngsi-ld:Sensor:Mailroom_Humidity,65.536651584,2024-05-17T20:48:00.000Z,P1
urn:ngsi-ld:Sensor:Lab_Humidity,52.526732673,2024-05-18T08:12:00.000Z,P1
urn:ngsi-ld:Sensor:Kitchen_Humidity,54.416949153,2024-05-18T08:12:00.000Z,P1
urn:ngsi-ld:Sensor:Mailroom_Humidity,54.416949153,2024-05-18T08:12:00.000Z,P1
urn:ngsi-ld:Sensor:Lab_Humidity,71.035338346,2024-05-18T19:36:00.000Z,P1
urn:ngsi-ld:Sensor:Kitchen_Humidity,71.933783784,2024-05-18T19:36:00.000Z,P1
urn:ngsi-ld:Sensor:Mailroom_Humidity,71.933783784,2024-05-18T19:36:00.000Z,P1
urn:ngsi-ld:Sensor:Lab_Humidity,68.280434783,2024-05-19T07:00:00.000Z,P1
urn:ngsi-ld:Sensor:Kitchen_Humidity,66.773546512,2024-05-19T07:00:00.000Z,P1
urn:ngsi-ld:Sensor:Mailroom_Humidity,66.773546512,2024-05-19T07:00:00.000Z,P1
urn:ngsi-ld:Sensor:Lab_Humidity,75.530620155,2024-05-19T18:24:00.000Z,P1
urn:ngsi-ld:Sensor:Kitchen_Humidity,75.172144847,2024-05-19T18:24:00.000Z,P1
urn:ngsi-ld:Sensor:Mailroom_Humidity,75.172144847,2024-05-19T18:24:00.000Z,P1
urn:ngsi-ld:Sensor:Lab_Humidity,71.5896,2024-05-20T05:48:00.000Z,P1
urn:ngsi-ld:Sensor:Kitchen_Humidity,72.494690265,2024-05-20T05:48:00.000Z,P1
urn:ngsi-ld:Sensor:Mailroom_Humidity,72.494690265,2024-05-20T05:48:00.000Z,P1
urn:ngsi-ld:Sensor:Lab_Humidity,67.73559322,2024-05-20T17:12:00.000Z,P1
urn:ngsi-ld:Sensor:Kitchen_Humidity,72.40620438,2024-05-20T17:12:00.000Z,P1
urn:ngsi-ld:Sensor:Mailroom_Humidity,72.40620438,2024-05-20T17:12:00.000Z,P1
urn:ngsi-ld:Sensor:Lab_Humidity,74.073684211,2024-05-21T04:36:00.000Z,P1
urn:ngsi-ld:Sensor:Kitchen_Humidity,74.747368421,2024-05-21T04:36:00.000Z,P1
urn:ngsi-ld:Sensor:Mailroom_Humidity,74.747368421,2024-05-21T04:36:00.000Z,P1
urn:ngsi-ld:Sensor:Lab_Humidity,74.215909091,2024-05-21T16:00:00.000Z,P1
urn:ngsi-ld:Sensor:Kitchen_Humidity,73.827038627,2024-05-21T16:00:00.000Z,P1
urn:ngsi-ld:Sensor:Mailroom_Humidity,73.827038627,2024-05-21T16:00:00.000Z,P1
urn:ngsi-ld:Sensor:Lab_Humidity,73.039370079,2024-05-22T03:24:00.000Z,P1
urn:ngsi-ld:Sensor:Kitchen_Humidity,73.731380753,2024-05-22T03:24:00.000Z,P1
urn:ngsi-ld:Sensor:Mailroom_Humidity,73.731380753,2024-05-22T03:24:00.000Z,P1
urn:ngsi-ld:Sensor:Kitchen_Humidity,66.841967213,2024-05-22T14:48:00.000Z,P1
urn:ngsi-ld:Sensor:Mailroom_Humidity,66.841967213,2024-05-22T14:48:00.000Z,P1
urn:ngsi-ld:Sensor:Lab_Humidity,66.418333333,2024-05-23T02:12:00.000Z,P1
urn:ngsi-ld:Sensor:Kitchen_Humidity,69.478244275,2024-05-23T02:12:00.000Z,P1
urn:ngsi-ld:Sensor:Mailroom_Humidity,69.478244275,2024-05-23T02:12:00.000Z,P1
urn:ngsi-ld:Sensor:Lab_Humidity,59.762790698,2024-05-23T13:36:00.000Z,P1
urn:ngsi-ld:Sensor:Kitchen_Humidity,62.984337349,2024-05-23T13:36:00.000Z,P1
urn:ngsi-ld:Sensor:Mailroom_Humidity,62.984337349,2024-05-23T13:36:00.000Z,P1
urn:ngsi-ld:Sensor:Lab_Humidity,71.980172414,2024-05-24T01:00:00.000Z,P1
urn:ngsi-ld:Sensor:Kitchen_Humidity,74.730522088,2024-05-24T01:00:00.000Z,P1
urn:ngsi-ld:Sensor:Mailroom_Humidity,74.730522088,2024-05-24T01:00:00.000Z,P1
urn:ngsi-ld:Sensor:Lab_Humidity,73.199280576,2024-05-24T12:24:00.000Z,P1
urn:ngsi-ld:Sensor:Kitchen_Humidity,74.466511628,2024-05-24T12:24:00.000Z,P1
urn:ngsi-ld:Sensor:Mailroom_Humidity,74.466511628,2024-05-24T12:24:00.000Z,P1
urn:ngsi-ld:Sensor:Lab_Humidity,80.58375,2024-05-24T23:48:00.000Z,P1
urn:ngsi-ld:Sensor:Kitchen_Humidity,81.554918033,2024-05-24T23:48:00.000Z,P1
urn:ngsi-ld:Sensor:Mailroom_Humidity,81.554918033,2024-05-24T23:48:00.000Z,P1
urn:ngsi-ld:Sensor:Lab_Humidity,74.73125,2024-05-25T11:12:00.000Z,P1
urn:ngsi-ld:Sensor:Kitchen_Humidity,75.492063492,2024-05-25T11:12:00.000Z,P1
urn:ngsi-ld:Sensor:Mailroom_Humidity,75.492063492,2024-05-25T11:12:00.000Z,P1
urn:ngsi-ld:Sensor:Lab_Humidity,80.645142857,2024-05-25T22:36:00.000Z,P1
urn:ngsi-ld:Sensor:Kitchen_Humidity,81.343773585,2024-05-25T22:36:00.000Z,P1
urn:ngsi-ld:Sensor:Mailroom_Humidity,81.343773585,2024-05-25T22:36:00.000Z,P1
urn:ngsi-ld:Sensor:Lab_Humidity,69.14375,2024-05-26T10:00:00.000Z,P1
urn:ngsi-ld:Sensor:Kitchen_Humidity,71.411235955,2024-05-26T10:00:00.000Z,P1
urn:ngsi-ld:Sensor:Mailroom_Humidity,71.411235955,2024-05-26T10:00:00.000Z,P1
urn:ngsi-ld:Sensor:Lab_Humidity,72.177464789,2024-05-26T21:24:00.000Z,P1
urn:ngsi-ld:Sensor:Kitchen_Humidity,73.074834437,2024-05-26T21:24:00.000Z,P1
urn:ngsi-ld:Sensor:Mailroom_Humidity,73.074834437,2024-05-26T21:24:00.000Z,P1
urn:ngsi-ld:Sensor:Lab_Humidity,60.525333333,2024-05-27T08:48:00.000Z,P1
urn:ngsi-ld:Sensor:Kitchen_Humidity,61.787407407,2024-05-27T08:48:00.000Z,P1
urn:ngsi-ld:Sensor:Mailroom_Humidity,61.787407407,2024-05-27T08:48:00.000Z,P1
urn:ngsi-ld:Sensor:Lab_Humidity,63.053448276,2024-05-27T20:12:00.000Z,P1
urn:ngsi-ld:Sensor:Kitchen_Humidity,63.913157895,2024-05-27T20:12:00.000Z,P1
urn:ngsi-ld:Sensor:Mailroom_Humidity,63.913157895,2024-05-27T20:12:00.000Z,P1
urn:ngsi-ld:Sensor:Lab_Humidity,69.250549451,2024-05-28T07:36:00.000Z,P1
urn:ngsi-ld:Sensor:Kitchen_Humidity,68.486549708,2024-05-28T07:36:00.000Z,P1
urn:ngsi-ld:Sensor:Mailroom_Humidity,68.486549708,2024-05-28T07:36:00.000Z,P1
urn:ngsi-ld:Sensor:Lab_Humidity,72.773584906,2024-05-28T19:00:00.000Z,P1
urn:ngsi-ld:Sensor:Kitchen_Humidity,72.953211009,2024-05-28T19:00:00.000Z,P1
urn:ngsi-ld:Sensor:Mailroom_Humidity,72.953211009,2024-05-28T19:00:00.000Z,P1
urn:ngsi-ld:Sensor:Lab_Humidity,72.004938272,2024-05-29T06:24:00.000Z,P1
urn:ngsi-ld:Sensor:Kitchen_Humidity,74.122325581,2024-05-29T06:24:00.000Z,P1
urn:ngsi-ld:Sensor:Lab_Humidity,68.614583333,2024-05-29T17:48:00.000Z,P1
urn:ngsi-ld:Sensor:Kitchen_Humidity,69.846078431,2024-05-29T17:48:00.000Z,P1
urn:ngsi-ld:Sensor:Mailroom_Humidity,69.846078431,2024-05-29T17:48:00.000Z,P1
urn:ngsi-ld:Sensor:Lab_Humidity,76.864705882,2024-05-30T05:12:00.000Z,P1
urn:ngsi-ld:Sensor:Kitchen_Humidity,76.265530303,2024-05-30T05:12:00.000Z,P1
urn:ngsi-ld:Sensor:Mailroom_Humidity,76.265530303,2024-05-30T05:12:00.000Z,P1
urn:ngsi-ld:Sensor:Lab_Humidity,69.251898734,2024-05-30T16:36:00.000Z,P1
urn:ngsi-ld:Sensor:Kitchen_Humidity,72.19375,2024-05-30T16:36:00.000Z,P1
urn:ngsi-ld:Sensor:Mailroom_Humidity,72.19375,2024-05-30T16:36:00.000Z,P1
urn:ngsi-ld:Sensor:Lab_Humidity,79.187179487,2024-05-31T04:00:00.000Z,P1
urn:ngsi-ld:Sensor:Kitchen_Humidity,80.070283019,2024-05-31T04:00:00.000Z,P1
urn:ngsi-ld:Sensor:Mailroom_Humidity,80.070283019,2024-05-31T04:00:00.000Z,P1
urn:ngsi-ld:Sensor:Lab_Humidity,70.29,2024-05-31T15:24:00.000Z,P1
urn:ngsi-ld:Sensor:Kitchen_Humidity,71.624342105,2024-05-31T15:24:00.000Z,P1
urn:ngsi-ld:Sensor:Mailroom_Humidity,71.624342105,2024-05-31T15:24:00.000Z,P1
urn:ngsi-ld:Sensor:Lab_Humidity,71.787421384,2024-06-01T02:48:00.000Z,P1
urn:ngsi-ld:Sensor:Kitchen_Humidity,72.787769784,2024-06-01T02:48:00.000Z,P1
urn:ngsi-ld:Sensor:Mailroom_Humidity,72.787769784,2024-06-01T02:48:00.000Z,P1
urn:ngsi-ld:Sensor:Lab_Humidity,53.817355372,2024-06-01T14:12:00.000Z,P1
urn:ngsi-ld:Sensor:Kitchen_Humidity,55.682758621,2024-06-01T14:12:00.000Z,P1
urn:ngsi-ld:Sensor:Mailroom_Humidity,55.682758621,2024-06-01T14:12:00.000Z,P1
urn:ngsi-ld:Sensor:Lab_Humidity,58.308870968,2024-06-02T01:36:00.000Z,P1
urn:ngsi-ld:Sensor:Kitchen_Humidity,59.606532663,2024-06-02T01:36:00.000Z,P1
urn:ngsi-ld:Sensor:Mailroom_Humidity,59.606532663,2024-06-02T01:36:00.000Z,P1
urn:ngsi-ld:Sensor:Lab_Humidity,70.593333333,2024-06-02T13:00:00.000Z,P1
urn:ngsi-ld:Sensor:Kitchen_Humidity,71.189830508,2024-06-02T13:00:00.000Z,P1
urn:ngsi-ld:Sensor:Mailroom_Humidity,71.189830508,2024-06-02T13:00:00.000Z,P1
urn:ngsi-ld:Sensor:Lab_Humidity,74.7256,2024-06-03T00:24:00.000Z,P1
urn:ngsi-ld:Sensor:Kitchen_Humidity,75.322745098,2024-06-03T00:24:00.000Z,P1
urn:ngsi-ld:Sensor:Mailroom_Humidity,75.322745098,2024-06-03T00:24:00.000Z,P1
urn:ngsi-ld:Sensor:Lab_Humidity,73.297959184,2024-06-03T11:48:00.000Z,P1
urn:ngsi-ld:Sensor:Kitchen_Humidity,71.558139535,2024-06-03T11:48:00.000Z,P1
urn:ngsi-ld:Sensor:Mailroom_Humidity,71.558139535,2024-06-03T11:48:00.000Z,P1
urn:ngsi-ld:Sensor:Lab_Humidity,71.103846154,2024-06-03T23:12:00.000Z,P1
urn:ngsi-ld:Sensor:Kitchen_Humidity,72.186725664,2024-06-03T23:12:00.000Z,P1
urn:ngsi-ld:Sensor:Mailroom_Humidity,72.186725664,2024-06-03T23:12:00.000Z,P1
urn:ngsi-ld:Sensor:Lab_Humidity,73.057142857,2024-06-04T10:36:00.000Z,P1
urn:ngsi-ld:Sensor:Kitchen_Humidity,74.277727273,2024-06-04T10:36:00.000Z,P1
urn:ngsi-ld:Sensor:Mailroom_Humidity,74.277727273,2024-06-04T10:36:00.000Z,P1
urn:ngsi-ld:Sensor:Lab_Humidity,76.637288136,2024-06-04T22:00:00.000Z,P1
urn:ngsi-ld:Sensor:Kitchen_Humidity,77.07434555,2024-06-04T22:00:00.000Z,P1
urn:ngsi-ld:Sensor:Mailroom_Humidity,77.07434555,2024-06-04T22:00:00.000Z,P1
urn:ngsi-ld:Sensor:Lab_Humidity,72.441818182,2024-06-05T09:24:00.000Z,P1
urn:ngsi-ld:Sensor:Kitchen_Humidity,74.376642336,2024-06-05T09:24:00.000Z,P1
urn:ngsi-ld:Sensor:Mailroom_Humidity,74.376642336,2024-06-05T09:24:00.000Z,P1
urn:ngsi-ld:Sensor:Lab_Humidity,70.341463415,2024-06-05T20:48:00.000Z,P1
urn:ngsi-ld:Sensor:Kitchen_Humidity,71.679,2024-06-05T20:48:00.000Z,P1
urn:ngsi-ld:Sensor:Lab_Humidity,67.539772727,2024-06-06T08:12:00.000Z,P1
urn:ngsi-ld:Sensor:Kitchen_Humidity,67.899404762,2024-06-06T08:12:00.000Z,P1
urn:ngsi-ld:Sensor:Mailroom_Humidity,67.899404762,2024-06-06T08:12:00.000Z,P1
urn:ngsi-ld:Sensor:Lab_Humidity,70.7375,2024-06-06T19:36:00.000Z,P1
urn:ngsi-ld:Sensor:Kitchen_Humidity,72.358333333,2024-06-06T19:36:00.000Z,P1
urn:ngsi-ld:Sensor:Mailroom_Humidity,72.358333333,2024-06-06T19:36:00.000Z,P1
urn:ngsi-ld:Sensor:Lab_Humidity,72.067213115,2024-06-07T07:00:00.000Z,P1
urn:ngsi-ld:Sensor:Kitchen_Humidity,73.639877301,2024-06-07T07:00:00.000Z,P1
urn:ngsi-ld:Sensor:Mailroom_Humidity,73.639877301,2024-06-07T07:00:00.000Z,P1
urn:ngsi-ld:Sensor:Lab_Humidity,66.380141844,2024-06-07T18:24:00.000Z,P1
urn:ngsi-ld:Sensor:Kitchen_Humidity,66.558256881,2024-06-07T18:24:00.000Z,P1
urn:ngsi-ld:Sensor:Mailroom_Humidity,66.558256881,2024-06-07T18:24:00.000Z,P1
urn:ngsi-ld:Sensor:Lab_Humidity,70.755752212,2024-06-08T05:48:00.000Z,P1
urn:ngsi-ld:Sensor:Kitchen_Humidity,70.922346369,2024-06-08T05:48:00.000Z,P1
urn:ngsi-ld:Sensor:Mailroom_Humidity,70.922346369,2024-06-08T05:48:00.000Z,P1
urn:ngsi-ld:Sensor:Lab_Humidity,71.516455696,2024-06-08T17:12:00.000Z,P1
urn:ngsi-ld:Sensor:Kitchen_Humidity,71.991780822,2024-06-08T17:12:00.000Z,P1
urn:ngsi-ld:Sensor:Mailroom_Humidity,71.991780822,2024-06-08T17:12:00.000Z,P1
urn:ngsi-ld:Sensor:Lab_Humidity,75,2024-06-09T04:36:00.000Z,P1
urn:ngsi-ld:Sensor:Kitchen_Humidity,75.922580645,2024-06-09T04:36:00.000Z,P1
urn:ngsi-ld:Sensor:Mailroom_Humidity,75.922580645,2024-06-09T04:36:00.000Z,P1
urn:ngsi-ld:Sensor:Lab_Humidity,67.111627907,2024-06-09T16:00:00.000Z,P1
urn:ngsi-ld:Sensor:Kitchen_Humidity,67.927659574,2024-06-09T16:00:00.000Z,P1
urn:ngsi-ld:Sensor:Mailroom_Humidity,67.927659574,2024-06-09T16:00:00.000Z,P1
urn:ngsi-ld:Sensor:Lab_Humidity,65.688,2024-06-10T03:24:00.000Z,P1
urn:ngsi-ld:Sensor:Kitchen_Humidity,65.962,2024-06-10T03:24:00.000Z,P1
urn:ngsi-ld:Sensor:Mailroom_Humidity,65.962,2024-06-10T03:24:00.000Z,P1
urn:ngsi-ld:Sensor:Lab_Humidity,54.305,2024-06-10T14:48:00.000Z,P1
urn:ngsi-ld:Sensor:Kitchen_Humidity,55.238129496,2024-06-10T14:48:00.000Z,P1
urn:ngsi-ld:Sensor:Mailroom_Humidity,55.238129496,2024-06-10T14:48:00.000Z,P1
urn:ngsi-ld:Sensor:Lab_Humidity,58.883168317,2024-06-11T02:12:00.000Z,P1
urn:ngsi-ld:Sensor:Kitchen_Humidity,58.581463415,2024-06-11T02:12:00.000Z,P1
urn:ngsi-ld:Sensor:Mailroom_Humidity,58.581463415,2024-06-11T02:12:00.000Z,P1
urn:ngsi-ld:Sensor:Lab_Humidity,61.033082707,2024-06-11T13:36:00.000Z,P1
urn:ngsi-ld:Sensor:Kitchen_Humidity,60.73627907,2024-06-11T13:36:00.000Z,P1
urn:ngsi-ld:Sensor:Mailroom_Humidity,60.73627907,2024-06-11T13:36:00.000Z,P1
urn:ngsi-ld:Sensor:Lab_Humidity,68.458333333,2024-06-12T01:00:00.000Z,P1
urn:ngsi-ld:Sensor:Kitchen_Humidity,69.639163498,2024-06-12T01:00:00.000Z,P1
urn:ngsi-ld:Sensor:Mailroom_Humidity,69.639163498,2024-06-12T01:00:00.000Z,P1
urn:ngsi-ld:Sensor:Lab_Humidity,55.742748092,2024-06-12T12:24:00.000Z,P1
urn:ngsi-ld:Sensor:Kitchen_Humidity,56.668075117,2024-06-12T12:24:00.000Z,P1
urn:ngsi-ld:Sensor:Lab_Humidity,68.54522293,2024-06-12T23:48:00.000Z,P1
urn:ngsi-ld:Sensor:Kitchen_Humidity,69.140082645,2024-06-12T23:48:00.000Z,P1
urn:ngsi-ld:Sensor:Mailroom_Humidity,69.140082645,2024-06-12T23:48:00.000Z,P1
urn:ngsi-ld:Sensor:Lab_Humidity,55.159803922,2024-06-13T11:12:00.000Z,P1
urn:ngsi-ld:Sensor:Kitchen_Humidity,57.31884058,2024-06-13T11:12:00.000Z,P1
urn:ngsi-ld:Sensor:Mailroom_Humidity,57.31884058,2024-06-13T11:12:00.000Z,P1
urn:ngsi-ld:Sensor:Lab_Humidity,57.354,2024-06-13T22:36:00.000Z,P1
urn:ngsi-ld:Sensor:Kitchen_Humidity,60.872205438,2024-06-13T22:36:00.000Z,P1
urn:ngsi-ld:Sensor:Mailroom_Humidity,60.872205438,2024-06-13T22:36:00.000Z,P1
urn:ngsi-ld:Sensor:Lab_Humidity,68.335064935,2024-06-14T10:00:00.000Z,P1
urn:ngsi-ld:Sensor:Kitchen_Humidity,67.905555556,2024-06-14T10:00:00.000Z,P1
urn:ngsi-ld:Sensor:Lab_Humidity,68.435353535,2024-06-14T21:24:00.000Z,P1
urn:ngsi-ld:Sensor:Mailroom_Humidity,69.70617284,2024-06-14T21:24:00.000Z,P1
urn:ngsi-ld:Sensor:Lab_Humidity,57.547540984,2024-06-15T08:48:00.000Z,P1
urn:ngsi-ld:Sensor:Kitchen_Humidity,59.670967742,2024-06-15T08:48:00.000Z,P1
urn:ngsi-ld:Sensor:Mailroom_Humidity,59.670967742,2024-06-15T08:48:00.000Z,P1
urn:ngsi-ld:Sensor:Lab_Humidity,57.503278689,2024-06-15T20:12:00.000Z,P1
urn:ngsi-ld:Sensor:Kitchen_Humidity,59.397333333,2024-06-15T20:12:00.000Z,P1
urn:ngsi-ld:Sensor:Lab_Humidity,63.704255319,2024-06-16T07:36:00.000Z,P1
urn:ngsi-ld:Sensor:Kitchen_Humidity,65.652201258,2024-06-16T07:36:00.000Z,P1
urn:ngsi-ld:Sensor:Mailroom_Humidity,65.652201258,2024-06-16T07:36:00.000Z,P1
urn:ngsi-ld:Sensor:Lab_Humidity,59.560377358,2024-06-16T19:00:00.000Z,P1
urn:ngsi-ld:Sensor:Kitchen_Humidity,62.85703125,2024-06-16T19:00:00.000Z,P1
urn:ngsi-ld:Sensor:Mailroom_Humidity,62.85703125,2024-06-16T19:00:00.000Z,P1
urn:ngsi-ld:Sensor:Lab_Humidity,64.638333333,2024-06-17T06:24:00.000Z,P1
urn:ngsi-ld:Sensor:Kitchen_Humidity,67.7472,2024-06-17T06:24:00.000Z,P1
urn:ngsi-ld:Sensor:Mailroom_Humidity,67.7472,2024-06-17T06:24:00.000Z,P1
urn:ngsi-ld:Sensor:Lab_Humidity,70.585294118,2024-06-17T17:48:00.000Z,P1
urn:ngsi-ld:Sensor:Kitchen_Humidity,74.833913043,2024-06-17T17:48:00.000Z,P1
urn:ngsi-ld:Sensor:Mailroom_Humidity,74.833913043,2024-06-17T17:48:00.000Z,P1
urn:ngsi-ld:Sensor:Lab_Humidity,56.958888889,2024-06-18T05:12:00.000Z,P1
urn:ngsi-ld:Sensor:Kitchen_Humidity,60.584210526,2024-06-18T05:12:00.000Z,P1
urn:ngsi-ld:Sensor:Mailroom_Humidity,60.584210526,2024-06-18T05:12:00.000Z,P1
urn:ngsi-ld:Sensor:Lab_Humidity,65.583076923,2024-06-18T16:36:00.000Z,P1
urn:ngsi-ld:Sensor:Kitchen_Humidity,69.25,2024-06-18T16:36:00.000Z,P1
urn:ngsi-ld:Sensor:Mailroom_Humidity,69.25,2024-06-18T16:36:00.000Z,P1
urn:ngsi-ld:Sensor:Kitchen_Humidity,59.39408284,2024-06-19T04:00:00.000Z,P1
urn:ngsi-ld:Sensor:Mailroom_Humidity,59.39408284,2024-06-19T04:00:00.000Z,P1
urn:ngsi-ld:Sensor:Lab_Humidity,70.997014925,2024-06-19T15:24:00.000Z,P1
urn:ngsi-ld:Sensor:Kitchen_Humidity,74.806995885,2024-06-19T15:24:00.000Z,P1
urn:ngsi-ld:Sensor:Mailroom_Humidity,74.806995885,2024-06-19T15:24:00.000Z,P1
urn:ngsi-ld:Sensor:Kitchen_Humidity,71.139130435,2024-06-20T02:48:00.000Z,P1
urn:ngsi-ld:Sensor:Lab_Humidity,71.033333333,2024-06-20T14:12:00.000Z,P1
urn:ngsi-ld:Sensor:Kitchen_Humidity,75.22,2024-06-20T14:12:00.000Z,P1
urn:ngsi-ld:Sensor:Mailroom_Humidity,75.22,2024-06-20T14:12:00.000Z,P1
