entity_id,temperature,observedAt,unit
urn:ngsi-ld:Sensor:Lab_Temperature,22.817241379,2024-01-01T14:12:00.000Z,CEL
urn:ngsi-ld:Sensor:Lab_Temperature,23.007692308,2024-01-02T01:36:00.000Z,CEL
urn:ngsi-ld:Sensor:Lab_Temperature,21.275757576,2024-01-02T13:00:00.000Z,CEL
urn:ngsi-ld:Sensor:Lab_Temperature,20.866666667,2024-01-03T00:24:00.000Z,CEL
urn:ngsi-ld:Sensor:Lab_Temperature,21.61,2024-01-03T11:48:00.000Z,CEL
urn:ngsi-ld:Sensor:Kitchen_Temperature,22.404761905,2024-01-03T11:48:00.000Z,CEL
urn:ngsi-ld:Sensor:Mailroom_Temperature,22.404761905,2024-01-03T11:48:00.000Z,CEL
urn:ngsi-ld:Sensor:Lab_Temperature,22.176470588,2024-01-03T23:12:00.000Z,CEL
urn:ngsi-ld:Sensor:Kitchen_Temperature,22.540909091,2024-01-03T23:12:00.000Z,CEL
urn:ngsi-ld:Sensor:Mailroom_Temperature,22.540909091,2024-01-03T23:12:00.000Z,CEL
urn:ngsi-ld:Sensor:Lab_Temperature,22.7,2024-01-04T10:36:00.000Z,CEL
urn:ngsi-ld:Sensor:Kitchen_Temperature,22.94,2024-01-04T10:36:00.000Z,CEL
urn:ngsi-ld:Sensor:Mailroom_Temperature,22.94,2024-01-04T10:36:00.000Z,CEL
urn:ngsi-ld:Sensor:Lab_Temperature,22.569565217,2024-01-04T22:00:00.000Z,CEL
urn:ngsi-ld:Sensor:Lab_Temperature,22.8,2024-01-05T09:24:00.000Z,CEL
urn:ngsi-ld:Sensor:Lab_Temperature,22.769230769,2024-01-05T20:48:00.000Z,CEL
urn:ngsi-ld:Sensor:Lab_Temperature,22.89047619,2024-01-06T08:12:00.000Z,CEL
urn:ngsi-ld:Sensor:Lab_Temperature,22.8,2024-01-06T19:36:00.000Z,CEL
urn:ngsi-ld:Sensor:Lab_Temperature,20.8875,2024-01-07T07:00:00.000Z,CEL
urn:ngsi-ld:Sensor:Kitchen_Temperature,22.072727273,2024-01-07T07:00:00.000Z,CEL
urn:ngsi-ld:Sensor:Mailroom_Temperature,22.072727273,2024-01-07T07:00:00.000Z,CEL
urn:ngsi-ld:Sensor:Lab_Temperature,20.42173913,2024-01-07T18:24:00.000Z,CEL
urn:ngsi-ld:Sensor:Mailroom_Temperature,21.756521739,2024-01-07T18:24:00.000Z,CEL
urn:ngsi-ld:Sensor:Lab_Temperature,21.661538462,2024-01-08T05:48:00.000Z,CEL
urn:ngsi-ld:Sensor:Kitchen_Temperature,22.133333333,2024-01-08T05:48:00.000Z,CEL
urn:ngsi-ld:Sensor:Mailroom_Temperature,22.133333333,2024-01-08T05:48:00.000Z,CEL
urn:ngsi-ld:Sensor:Lab_Temperature,21.831818182,2024-01-08T17:12:00.000Z,CEL
urn:ngsi-ld:Sensor:Kitchen_Temperature,22.2,2024-01-08T17:12:00.000Z,CEL
urn:ngsi-ld:Sensor:Mailroom_Temperature,22.2,2024-01-08T17:12:00.000Z,CEL
urn:ngsi-ld:Sensor:Lab_Temperature,21.965384615,2024-01-09T04:36:00.000Z,CEL
urn:ngsi-ld:Sensor:Kitchen_Temperature,22.5,2024-01-09T04:36:00.000Z,CEL
urn:ngsi-ld:Sensor:Mailroom_Temperature,22.5,2024-01-09T04:36:00.000Z,CEL
urn:ngsi-ld:Sensor:Lab_Temperature,21.478571429,2024-01-09T16:00:00.000Z,CEL
urn:ngsi-ld:Sensor:Lab_Temperature,21.858823529,2024-01-10T03:24:00.000Z,CEL
urn:ngsi-ld:Sensor:Kitchen_Temperature,22.55,2024-01-10T03:24:00.000Z,CEL
urn:ngsi-ld:Sensor:Mailroom_Temperature,22.55,2024-01-10T03:24:00.000Z,CEL
urn:ngsi-ld:Sensor:Lab_Temperature,22.236,2024-01-10T14:48:00.000Z,CEL
urn:ngsi-ld:Sensor:Lab_Temperature,22.190909091,2024-01-11T02:12:00.000Z,CEL
urn:ngsi-ld:Sensor:Kitchen_Temperature,22.775,2024-01-11T02:12:00.000Z,CEL
urn:ngsi-ld:Sensor:Mailroom_Temperature,22.775,2024-01-11T02:12:00.000Z,CEL
urn:ngsi-ld:Sensor:Lab_Temperature,22.673333333,2024-01-11T13:36:00.000Z,CEL
urn:ngsi-ld:Sensor:Kitchen_Temperature,22.905263158,2024-01-11T13:36:00.000Z,CEL
urn:ngsi-ld:Sensor:Mailroom_Temperature,22.905263158,2024-01-11T13:36:00.000Z,CEL
urn:ngsi-ld:Sensor:Lab_Temperature,22.2,2024-01-12T01:00:00.000Z,CEL
urn:ngsi-ld:Sensor:Kitchen_Temperature,22.678571429,2024-01-12T01:00:00.000Z,CEL
urn:ngsi-ld:Sensor:Mailroom_Temperature,22.678571429,2024-01-12T01:00:00.000Z,CEL
urn:ngsi-ld:Sensor:Lab_Temperature,22.342105263,2024-01-12T12:24:00.000Z,CEL
urn:ngsi-ld:Sensor:Kitchen_Temperature,22.747058824,2024-01-12T12:24:00.000Z,CEL
urn:ngsi-ld:Sensor:Lab_Temperature,22.142307692,2024-01-12T23:48:00.000Z,CEL
urn:ngsi-ld:Sensor:Kitchen_Temperature,22.715,2024-01-12T23:48:00.000Z,CEL
urn:ngsi-ld:Sensor:Mailroom_Temperature,22.715,2024-01-12T23:48:00.000Z,CEL
urn:ngsi-ld:Sensor:Lab_Temperature,22.308695652,2024-01-13T11:12:00.000Z,CEL
urn:ngsi-ld:Sensor:Kitchen_Temperature,22.775,2024-01-13T11:12:00.000Z,CEL
urn:ngsi-ld:Sensor:Mailroom_Temperature,22.775,2024-01-13T11:12:00.000Z,CEL
urn:ngsi-ld:Sensor:Lab_Temperature,22.219230769,2024-01-13T22:36:00.000Z,CEL
urn:ngsi-ld:Sensor:Kitchen_Temperature,22.75,2024-01-13T22:36:00.000Z,CEL
urn:ngsi-ld:Sensor:Mailroom_Temperature,22.75,2024-01-13T22:36:00.000Z,CEL
urn:ngsi-ld:Sensor:Lab_Temperature,21.123076923,2024-01-14T10:00:00.000Z,CEL
urn:ngsi-ld:Sensor:Kitchen_Temperature,22.330434783,2024-01-14T10:00:00.000Z,CEL
urn:ngsi-ld:Sensor:Mailroom_Temperature,22.330434783,2024-01-14T10:00:00.000Z,CEL
urn:ngsi-ld:Sensor:Lab_Temperature,20.55,2024-01-14T21:24:00.000Z,CEL
urn:ngsi-ld:Sensor:Kitchen_Temperature,21.75,2024-01-14T21:24:00.000Z,CEL
urn:ngsi-ld:Sensor:Mailroom_Temperature,21.75,2024-01-14T21:24:00.000Z,CEL
urn:ngsi-ld:Sensor:Lab_Temperature,21.764,2024-01-15T08:48:00.000Z,CEL
urn:ngsi-ld:Sensor:Kitchen_Temperature,22.322222222,2024-01-15T08:48:00.000Z,CEL
urn:ngsi-ld:Sensor:Mailroom_Temperature,22.322222222,2024-01-15T08:48:00.000Z,CEL
urn:ngsi-ld:Sensor:Lab_Temperature,22.019230769,2024-01-15T20:12:00.000Z,CEL
urn:ngsi-ld:Sensor:Kitchen_Temperature,22.55,2024-01-15T20:12:00.000Z,CEL
urn:ngsi-ld:Sensor:Mailroom_Temperature,22.55,2024-01-15T20:12:00.000Z,CEL
urn:ngsi-ld:Sensor:Lab_Temperature,21.207142857,2024-01-16T07:36:00.000Z,CEL
urn:ngsi-ld:Sensor:Kitchen_Temperature,22.177777778,2024-01-16T07:36:00.000Z,CEL
urn:ngsi-ld:Sensor:Mailroom_Temperature,22.177777778,2024-01-16T07:36:00.000Z,CEL
urn:ngsi-ld:Sensor:Lab_Temperature,21.334782609,2024-01-16T19:00:00.000Z,CEL
urn:ngsi-ld:Sensor:Kitchen_Temperature,22.139130435,2024-01-16T19:00:00.000Z,CEL
urn:ngsi-ld:Sensor:Mailroom_Temperature,22.139130435,2024-01-16T19:00:00.000Z,CEL
urn:ngsi-ld:Sensor:Lab_Temperature,21.393103448,2024-01-17T06:24:00.000Z,CEL
urn:ngsi-ld:Sensor:Kitchen_Temperature,22.244,2024-01-17T06:24:00.000Z,CEL
urn:ngsi-ld:Sensor:Mailroom_Temperature,22.244,2024-01-17T06:24:00.000Z,CEL
urn:ngsi-ld:Sensor:Lab_Temperature,21.281818182,2024-01-17T17:48:00.000Z,CEL
urn:ngsi-ld:Sensor:Kitchen_Temperature,22.163636364,2024-01-17T17:48:00.000Z,CEL
urn:ngsi-ld:Sensor:Mailroom_Temperature,22.163636364,2024-01-17T17:48:00.000Z,CEL
urn:ngsi-ld:Sensor:Lab_Temperature,21.486666667,2024-01-18T05:12:00.000Z,CEL
urn:ngsi-ld:Sensor:Kitchen_Temperature,22.22173913,2024-01-18T05:12:00.000Z,CEL
urn:ngsi-ld:Sensor:Mailroom_Temperature,22.22173913,2024-01-18T05:12:00.000Z,CEL
urn:ngsi-ld:Sensor:Lab_Temperature,21.626666667,2024-01-18T16:36:00.000Z,CEL
urn:ngsi-ld:Sensor:Kitchen_Temperature,22.1625,2024-01-18T16:36:00.000Z,CEL
urn:ngsi-ld:Sensor:Mailroom_Temperature,22.1625,2024-01-18T16:36:00.000Z,CEL
urn:ngsi-ld:Sensor:Mailroom_Temperature,22.3,2024-01-19T04:00:00.000Z,CEL
urn:ngsi-ld:Sensor:Lab_Temperature,21.926923077,2024-01-19T15:24:00.000Z,CEL
urn:ngsi-ld:Sensor:Kitchen_Temperature,22.447368421,2024-01-19T15:24:00.000Z,CEL
urn:ngsi-ld:Sensor:Mailroom_Temperature,22.447368421,2024-01-19T15:24:00.000Z,CEL
urn:ngsi-ld:Sensor:Lab_Temperature,21.845,2024-01-20T02:48:00.000Z,CEL
urn:ngsi-ld:Sensor:Kitchen_Temperature,22.441176471,2024-01-20T02:48:00.000Z,CEL
urn:ngsi-ld:Sensor:Mailroom_Temperature,22.441176471,2024-01-20T02:48:00.000Z,CEL
urn:ngsi-ld:Sensor:Lab_Temperature,21.772727273,2024-01-20T14:12:00.000Z,CEL
urn:ngsi-ld:Sensor:Kitchen_Temperature,22.428571429,2024-01-20T14:12:00.000Z,CEL
urn:ngsi-ld:Sensor:Mailroom_Temperature,22.428571429,2024-01-20T14:12:00.000Z,CEL
urn:ngsi-ld:Sensor:Lab_Temperature,21.90952381,2024-01-21T01:36:00.000Z,CEL
urn:ngsi-ld:Sensor:Kitchen_Temperature,22.48,2024-01-21T01:36:00.000Z,CEL
urn:ngsi-ld:Sensor:Mailroom_Temperature,22.48,2024-01-21T01:36:00.000Z,CEL
urn:ngsi-ld:Sensor:Lab_Temperature,21.29,2024-01-21T13:00:00.000Z,CEL
urn:ngsi-ld:Sensor:Kitchen_Temperature,22.281818182,2024-01-21T13:00:00.000Z,CEL
urn:ngsi-ld:Sensor:Mailroom_Temperature,22.281818182,2024-01-21T13:00:00.000Z,CEL
urn:ngsi-ld:Sensor:Lab_Temperature,21.219230769,2024-01-22T00:24:00.000Z,CEL
urn:ngsi-ld:Sensor:Kitchen_Temperature,22.036842105,2024-01-22T00:24:00.000Z,CEL
urn:ngsi-ld:Sensor:Mailroom_Temperature,22.036842105,2024-01-22T00:24:00.000Z,CEL
urn:ngsi-ld:Sensor:Lab_Temperature,22.272727273,2024-01-22T11:48:00.000Z,CEL
urn:ngsi-ld:Sensor:Kitchen_Temperature,22.568421053,2024-01-22T11:48:00.000Z,CEL
urn:ngsi-ld:Sensor:Mailroom_Temperature,22.568421053,2024-01-22T11:48:00.000Z,CEL
urn:ngsi-ld:Sensor:Lab_Temperature,22.143478261,2024-01-22T23:12:00.000Z,CEL
urn:ngsi-ld:Sensor:Kitchen_Temperature,22.575,2024-01-22T23:12:00.000Z,CEL
urn:ngsi-ld:Sensor:Mailroom_Temperature,22.575,2024-01-22T23:12:00.000Z,CEL
urn:ngsi-ld:Sensor:Lab_Temperature,22.308,2024-01-23T10:36:00.000Z,CEL
urn:ngsi-ld:Sensor:Kitchen_Temperature,22.668181818,2024-01-23T10:36:00.000Z,CEL
urn:ngsi-ld:Sensor:Mailroom_Temperature,22.668181818,2024-01-23T10:36:00.000Z,CEL
urn:ngsi-ld:Sensor:Lab_Temperature,21.77,2024-01-23T22:00:00.000Z,CEL
urn:ngsi-ld:Sensor:Kitchen_Temperature,22.341666667,2024-01-23T22:00:00.000Z,CEL
urn:ngsi-ld:Sensor:Mailroom_Temperature,22.341666667,2024-01-23T22:00:00.000Z,CEL
urn:ngsi-ld:Sensor:Lab_Temperature,22.1,2024-01-24T09:24:00.000Z,CEL
urn:ngsi-ld:Sensor:Kitchen_Temperature,22.477272727,2024-01-24T09:24:00.000Z,CEL
urn:ngsi-ld:Sensor:Mailroom_Temperature,22.477272727,2024-01-24T09:24:00.000Z,CEL
urn:ngsi-ld:Sensor:Lab_Temperature,21.722727273,2024-01-24T20:48:00.000Z,CEL
urn:ngsi-ld:Sensor:Kitchen_Temperature,22.233333333,2024-01-24T20:48:00.000Z,CEL
urn:ngsi-ld:Sensor:Mailroom_Temperature,22.233333333,2024-01-24T20:48:00.000Z,CEL
urn:ngsi-ld:Sensor:Lab_Temperature,21.878571429,2024-01-25T08:12:00.000Z,CEL
urn:ngsi-ld:Sensor:Kitchen_Temperature,22.307692308,2024-01-25T08:12:00.000Z,CEL
urn:ngsi-ld:Sensor:Mailroom_Temperature,22.307692308,2024-01-25T08:12:00.000Z,CEL
urn:ngsi-ld:Sensor:Lab_Temperature,21.890909091,2024-01-25T19:36:00.000Z,CEL
urn:ngsi-ld:Sensor:Kitchen_Temperature,22.278947368,2024-01-25T19:36:00.000Z,CEL
urn:ngsi-ld:Sensor:Mailroom_Temperature,22.278947368,2024-01-25T19:36:00.000Z,CEL
urn:ngsi-ld:Sensor:Lab_Temperature,22.142307692,2024-01-26T07:00:00.000Z,CEL
urn:ngsi-ld:Sensor:Kitchen_Temperature,22.385,2024-01-26T07:00:00.000Z,CEL
urn:ngsi-ld:Sensor:Mailroom_Temperature,22.385,2024-01-26T07:00:00.000Z,CEL
urn:ngsi-ld:Sensor:Lab_Temperature,22.160869565,2024-01-26T18:24:00.000Z,CEL
urn:ngsi-ld:Sensor:Kitchen_Temperature,22.55,2024-01-26T18:24:00.000Z,CEL
urn:ngsi-ld:Sensor:Mailroom_Temperature,22.55,2024-01-26T18:24:00.000Z,CEL
urn:ngsi-ld:Sensor:Lab_Temperature,21.98,2024-01-27T05:48:00.000Z,CEL
urn:ngsi-ld:Sensor:Kitchen_Temperature,22.45,2024-01-27T05:48:00.000Z,CEL
urn:ngsi-ld:Sensor:Mailroom_Temperature,22.45,2024-01-27T05:48:00.000Z,CEL
urn:ngsi-ld:Sensor:Lab_Temperature,22.15,2024-01-27T17:12:00.000Z,CEL
urn:ngsi-ld:Sensor:Kitchen_Temperature,22.516666667,2024-01-27T17:12:00.000Z,CEL
urn:ngsi-ld:Sensor:Mailroom_Temperature,22.516666667,2024-01-27T17:12:00.000Z,CEL
urn:ngsi-ld:Sensor:Lab_Temperature,22.111538462,2024-01-28T04:36:00.000Z,CEL
urn:ngsi-ld:Sensor:Kitchen_Temperature,22.55,2024-01-28T04:36:00.000Z,CEL
urn:ngsi-ld:Sensor:Mailroom_Temperature,22.55,2024-01-28T04:36:00.000Z,CEL
urn:ngsi-ld:Sensor:Lab_Temperature,20.346428571,2024-01-28T16:00:00.000Z,CEL
urn:ngsi-ld:Sensor:Lab_Temperature,21.2,2024-01-29T03:24:00.000Z,CEL
urn:ngsi-ld:Sensor:Kitchen_Temperature,22.019047619,2024-01-29T03:24:00.000Z,CEL
urn:ngsi-ld:Sensor:Mailroom_Temperature,22.019047619,2024-01-29T03:24:00.000Z,CEL
urn:ngsi-ld:Sensor:Lab_Temperature,21.40625,2024-01-29T14:48:00.000Z,CEL
urn:ngsi-ld:Sensor:Kitchen_Temperature,22.057894737,2024-01-29T14:48:00.000Z,CEL
urn:ngsi-ld:Sensor:Lab_Temperature,21.42,2024-01-30T02:12:00.000Z,CEL
urn:ngsi-ld:Sensor:Kitchen_Temperature,22.025,2024-01-30T02:12:00.000Z,CEL
urn:ngsi-ld:Sensor:Mailroom_Temperature,22.025,2024-01-30T02:12:00.000Z,CEL
urn:ngsi-ld:Sensor:Lab_Temperature,21.8,2024-01-31T01:00:00.000Z,CEL
urn:ngsi-ld:Sensor:Kitchen_Temperature,22.166666667,2024-01-31T01:00:00.000Z,CEL
urn:ngsi-ld:Sensor:Mailroom_Temperature,22.166666667,2024-01-31T01:00:00.000Z,CEL
urn:ngsi-ld:Sensor:Lab_Temperature,21.452,2024-01-31T12:24:00.000Z,CEL
urn:ngsi-ld:Sensor:Kitchen_Temperature,21.988888889,2024-01-31T12:24:00.000Z,CEL
urn:ngsi-ld:Sensor:Mailroom_Temperature,21.988888889,2024-01-31T12:24:00.000Z,CEL
urn:ngsi-ld:Sensor:Lab_Temperature,21.547826087,2024-01-31T23:48:00.000Z,CEL
urn:ngsi-ld:Sensor:Kitchen_Temperature,22.016666667,2024-01-31T23:48:00.000Z,CEL
urn:ngsi-ld:Sensor:Mailroom_Temperature,22.016666667,2024-01-31T23:48:00.000Z,CEL
urn:ngsi-ld:Sensor:Lab_Temperature,21.86,2024-02-01T11:12:00.000Z,CEL
urn:ngsi-ld:Sensor:Kitchen_Temperature,22.175,2024-02-01T11:12:00.000Z,CEL
urn:ngsi-ld:Sensor:Mailroom_Temperature,22.175,2024-02-01T11:12:00.000Z,CEL
urn:ngsi-ld:Sensor:Lab_Temperature,22.184615385,2024-02-01T22:36:00.000Z,CEL
urn:ngsi-ld:Sensor:Kitchen_Temperature,22.341176471,2024-02-01T22:36:00.000Z,CEL
urn:ngsi-ld:Sensor:Mailroom_Temperature,22.341176471,2024-02-01T22:36:00.000Z,CEL
urn:ngsi-ld:Sensor:Lab_Temperature,22.419047619,2024-02-02T10:00:00.000Z,CEL
urn:ngsi-ld:Sensor:Kitchen_Temperature,22.55,2024-02-02T10:00:00.000Z,CEL
urn:ngsi-ld:Sensor:Mailroom_Temperature,22.55,2024-02-02T10:00:00.000Z,CEL
urn:ngsi-ld:Sensor:Lab_Temperature,22.431578947,2024-02-02T21:24:00.000Z,CEL
urn:ngsi-ld:Sensor:Kitchen_Temperature,22.61,2024-02-02T21:24:00.000Z,CEL
urn:ngsi-ld:Sensor:Mailroom_Temperature,22.61,2024-02-02T21:24:00.000Z,CEL
urn:ngsi-ld:Sensor:Lab_Temperature,22.423809524,2024-02-03T08:48:00.000Z,CEL
urn:ngsi-ld:Sensor:Kitchen_Temperature,22.575,2024-02-03T08:48:00.000Z,CEL
urn:ngsi-ld:Sensor:Mailroom_Temperature,22.575,2024-02-03T08:48:00.000Z,CEL
urn:ngsi-ld:Sensor:Lab_Temperature,22.340740741,2024-02-03T20:12:00.000Z,CEL
urn:ngsi-ld:Sensor:Kitchen_Temperature,22.55,2024-02-03T20:12:00.000Z,CEL
urn:ngsi-ld:Sensor:Mailroom_Temperature,22.55,2024-02-03T20:12:00.000Z,CEL
urn:ngsi-ld:Sensor:Lab_Temperature,22.152,2024-02-04T07:36:00.000Z,CEL
urn:ngsi-ld:Sensor:Kitchen_Temperature,22.552941176,2024-02-04T07:36:00.000Z,CEL
urn:ngsi-ld:Sensor:Mailroom_Temperature,22.552941176,2024-02-04T07:36:00.000Z,CEL
urn:ngsi-ld:Sensor:Lab_Temperature,21.107142857,2024-02-04T19:00:00.000Z,CEL
urn:ngsi-ld:Sensor:Kitchen_Temperature,22.033333333,2024-02-04T19:00:00.000Z,CEL
urn:ngsi-ld:Sensor:Mailroom_Temperature,22.033333333,2024-02-04T19:00:00.000Z,CEL
urn:ngsi-ld:Sensor:Lab_Temperature,21.6,2024-02-05T06:24:00.000Z,CEL
urn:ngsi-ld:Sensor:Kitchen_Temperature,22.118181818,2024-02-05T06:24:00.000Z,CEL
urn:ngsi-ld:Sensor:Mailroom_Temperature,22.118181818,2024-02-05T06:24:00.000Z,CEL
urn:ngsi-ld:Sensor:Lab_Temperature,21.455555556,2024-02-05T17:48:00.000Z,CEL
urn:ngsi-ld:Sensor:Kitchen_Temperature,22.048275862,2024-02-05T17:48:00.000Z,CEL
urn:ngsi-ld:Sensor:Mailroom_Temperature,22.048275862,2024-02-05T17:48:00.000Z,CEL
urn:ngsi-ld:Sensor:Lab_Temperature,21.666666667,2024-02-06T05:12:00.000Z,CEL
urn:ngsi-ld:Sensor:Kitchen_Temperature,22.144,2024-02-06T05:12:00.000Z,CEL
urn:ngsi-ld:Sensor:Mailroom_Temperature,22.144,2024-02-06T05:12:00.000Z,CEL
urn:ngsi-ld:Sensor:Lab_Temperature,21.532,2024-02-06T16:36:00.000Z,CEL
urn:ngsi-ld:Sensor:Kitchen_Temperature,22.05,2024-02-06T16:36:00.000Z,CEL
urn:ngsi-ld:Sensor:Mailroom_Temperature,22.05,2024-02-06T16:36:00.000Z,CEL
urn:ngsi-ld:Sensor:Lab_Temperature,21.681818182,2024-02-07T04:00:00.000Z,CEL
urn:ngsi-ld:Sensor:Kitchen_Temperature,22.145,2024-02-07T04:00:00.000Z,CEL
urn:ngsi-ld:Sensor:Mailroom_Temperature,22.145,2024-02-07T04:00:00.000Z,CEL
urn:ngsi-ld:Sensor:Lab_Temperature,21.611111111,2024-02-07T15:24:00.000Z,CEL
urn:ngsi-ld:Sensor:Kitchen_Temperature,22.070833333,2024-02-07T15:24:00.000Z,CEL
urn:ngsi-ld:Sensor:Mailroom_Temperature,22.070833333,2024-02-07T15:24:00.000Z,CEL
urn:ngsi-ld:Sensor:Lab_Temperature,21.568181818,2024-02-08T02:48:00.000Z,CEL
urn:ngsi-ld:Sensor:Kitchen_Temperature,22.22,2024-02-08T02:48:00.000Z,CEL
urn:ngsi-ld:Sensor:Mailroom_Temperature,22.22,2024-02-08T02:48:00.000Z,CEL
urn:ngsi-ld:Sensor:Lab_Temperature,21.661904762,2024-02-08T14:12:00.000Z,CEL
urn:ngsi-ld:Sensor:Kitchen_Temperature,22.103571429,2024-02-08T14:12:00.000Z,CEL
urn:ngsi-ld:Sensor:Mailroom_Temperature,22.103571429,2024-02-08T14:12:00.000Z,CEL
urn:ngsi-ld:Sensor:Lab_Temperature,21.6625,2024-02-09T01:36:00.000Z,CEL
urn:ngsi-ld:Sensor:Kitchen_Temperature,21.966666667,2024-02-09T01:36:00.000Z,CEL
urn:ngsi-ld:Sensor:Mailroom_Temperature,21.966666667,2024-02-09T01:36:00.000Z,CEL
urn:ngsi-ld:Sensor:Lab_Temperature,21.78125,2024-02-09T13:00:00.000Z,CEL
urn:ngsi-ld:Sensor:Kitchen_Temperature,22.06,2024-02-09T13:00:00.000Z,CEL
urn:ngsi-ld:Sensor:Mailroom_Temperature,22.06,2024-02-09T13:00:00.000Z,CEL
urn:ngsi-ld:Sensor:Lab_Temperature,21.706666667,2024-02-10T00:24:00.000Z,CEL
urn:ngsi-ld:Sensor:Kitchen_Temperature,22.123529412,2024-02-10T00:24:00.000Z,CEL
urn:ngsi-ld:Sensor:Mailroom_Temperature,22.123529412,2024-02-10T00:24:00.000Z,CEL
urn:ngsi-ld:Sensor:Lab_Temperature,21.72,2024-02-10T11:48:00.000Z,CEL
urn:ngsi-ld:Sensor:Kitchen_Temperature,22.153571429,2024-02-10T11:48:00.000Z,CEL
urn:ngsi-ld:Sensor:Mailroom_Temperature,22.153571429,2024-02-10T11:48:00.000Z,CEL
urn:ngsi-ld:Sensor:Lab_Temperature,21.75625,2024-02-10T23:12:00.000Z,CEL
urn:ngsi-ld:Sensor:Kitchen_Temperature,22.2,2024-02-10T23:12:00.000Z,CEL
urn:ngsi-ld:Sensor:Mailroom_Temperature,22.2,2024-02-10T23:12:00.000Z,CEL
urn:ngsi-ld:Sensor:Lab_Temperature,21.81,2024-02-11T10:36:00.000Z,CEL
urn:ngsi-ld:Sensor:Kitchen_Temperature,22.3125,2024-02-11T10:36:00.000Z,CEL
urn:ngsi-ld:Sensor:Mailroom_Temperature,22.3125,2024-02-11T10:36:00.000Z,CEL
urn:ngsi-ld:Sensor:Lab_Temperature,21.775,2024-02-11T22:00:00.000Z,CEL
urn:ngsi-ld:Sensor:Kitchen_Temperature,22.380952381,2024-02-11T22:00:00.000Z,CEL
urn:ngsi-ld:Sensor:Mailroom_Temperature,22.380952381,2024-02-11T22:00:00.000Z,CEL
urn:ngsi-ld:Sensor:Lab_Temperature,22.019230769,2024-02-12T09:24:00.000Z,CEL
urn:ngsi-ld:Sensor:Kitchen_Temperature,22.63,2024-02-12T09:24:00.000Z,CEL
urn:ngsi-ld:Sensor:Mailroom_Temperature,22.63,2024-02-12T09:24:00.000Z,CEL
urn:ngsi-ld:Sensor:Lab_Temperature,21.982352941,2024-02-12T20:48:00.000Z,CEL
urn:ngsi-ld:Sensor:Kitchen_Temperature,22.627777778,2024-02-12T20:48:00.000Z,CEL
urn:ngsi-ld:Sensor:Mailroom_Temperature,22.627777778,2024-02-12T20:48:00.000Z,CEL
urn:ngsi-ld:Sensor:Lab_Temperature,22.5875,2024-02-13T08:12:00.000Z,CEL
urn:ngsi-ld:Sensor:Kitchen_Temperature,23.073684211,2024-02-13T08:12:00.000Z,CEL
urn:ngsi-ld:Sensor:Mailroom_Temperature,23.073684211,2024-02-13T08:12:00.000Z,CEL
urn:ngsi-ld:Sensor:Lab_Temperature,22.56875,2024-02-13T19:36:00.000Z,CEL
urn:ngsi-ld:Sensor:Kitchen_Temperature,23.045454545,2024-02-13T19:36:00.000Z,CEL
urn:ngsi-ld:Sensor:Mailroom_Temperature,23.045454545,2024-02-13T19:36:00.000Z,CEL
urn:ngsi-ld:Sensor:Lab_Temperature,22.453571429,2024-02-14T07:00:00.000Z,CEL
urn:ngsi-ld:Sensor:Kitchen_Temperature,23.035714286,2024-02-14T07:00:00.000Z,CEL
urn:ngsi-ld:Sensor:Mailroom_Temperature,23.035714286,2024-02-14T07:00:00.000Z,CEL
urn:ngsi-ld:Sensor:Lab_Temperature,21.959259259,2024-02-14T18:24:00.000Z,CEL
urn:ngsi-ld:Sensor:Kitchen_Temperature,22.623076923,2024-02-14T18:24:00.000Z,CEL
urn:ngsi-ld:Sensor:Mailroom_Temperature,22.623076923,2024-02-14T18:24:00.000Z,CEL
urn:ngsi-ld:Sensor:Lab_Temperature,22.295833333,2024-02-15T05:48:00.000Z,CEL
urn:ngsi-ld:Sensor:Kitchen_Temperature,22.678947368,2024-02-15T05:48:00.000Z,CEL
urn:ngsi-ld:Sensor:Mailroom_Temperature,22.678947368,2024-02-15T05:48:00.000Z,CEL
urn:ngsi-ld:Sensor:Lab_Temperature,22.044444444,2024-02-15T17:12:00.000Z,CEL
urn:ngsi-ld:Sensor:Kitchen_Temperature,22.463333333,2024-02-15T17:12:00.000Z,CEL
urn:ngsi-ld:Sensor:Mailroom_Temperature,22.463333333,2024-02-15T17:12:00.000Z,CEL
urn:ngsi-ld:Sensor:Lab_Temperature,21.890322581,2024-02-16T04:36:00.000Z,CEL
urn:ngsi-ld:Sensor:Kitchen_Temperature,22.404545455,2024-02-16T04:36:00.000Z,CEL
urn:ngsi-ld:Sensor:Mailroom_Temperature,22.404545455,2024-02-16T04:36:00.000Z,CEL
urn:ngsi-ld:Sensor:Lab_Temperature,22.25,2024-02-16T16:00:00.000Z,CEL
urn:ngsi-ld:Sensor:Kitchen_Temperature,22.538888889,2024-02-16T16:00:00.000Z,CEL
urn:ngsi-ld:Sensor:Lab_Temperature,22.488235294,2024-02-17T03:24:00.000Z,CEL
urn:ngsi-ld:Sensor:Kitchen_Temperature,22.75,2024-02-17T03:24:00.000Z,CEL
urn:ngsi-ld:Sensor:Mailroom_Temperature,22.75,2024-02-17T03:24:00.000Z,CEL
urn:ngsi-ld:Sensor:Lab_Temperature,22.728571429,2024-02-17T14:48:00.000Z,CEL
urn:ngsi-ld:Sensor:Kitchen_Temperature,22.922222222,2024-02-17T14:48:00.000Z,CEL
urn:ngsi-ld:Sensor:Mailroom_Temperature,22.922222222,2024-02-17T14:48:00.000Z,CEL
urn:ngsi-ld:Sensor:Lab_Temperature,21.945,2024-02-18T02:12:00.000Z,CEL
urn:ngsi-ld:Sensor:Kitchen_Temperature,22.78,2024-02-18T02:12:00.000Z,CEL
urn:ngsi-ld:Sensor:Mailroom_Temperature,22.78,2024-02-18T02:12:00.000Z,CEL
urn:ngsi-ld:Sensor:Lab_Temperature,21.75,2024-02-18T13:36:00.000Z,CEL
urn:ngsi-ld:Sensor:Kitchen_Temperature,22.365517241,2024-02-18T13:36:00.000Z,CEL
urn:ngsi-ld:Sensor:Mailroom_Temperature,22.365517241,2024-02-18T13:36:00.000Z,CEL
urn:ngsi-ld:Sensor:Lab_Temperature,21.544827586,2024-02-19T01:00:00.000Z,CEL
urn:ngsi-ld:Sensor:Kitchen_Temperature,22.264285714,2024-02-19T01:00:00.000Z,CEL
urn:ngsi-ld:Sensor:Mailroom_Temperature,22.264285714,2024-02-19T01:00:00.000Z,CEL
urn:ngsi-ld:Sensor:Lab_Temperature,21.539130435,2024-02-19T12:24:00.000Z,CEL
urn:ngsi-ld:Sensor:Kitchen_Temperature,22.205882353,2024-02-19T12:24:00.000Z,CEL
urn:ngsi-ld:Sensor:Mailroom_Temperature,22.205882353,2024-02-19T12:24:00.000Z,CEL
urn:ngsi-ld:Sensor:Lab_Temperature,21.777777778,2024-02-19T23:48:00.000Z,CEL
urn:ngsi-ld:Sensor:Kitchen_Temperature,22.211111111,2024-02-19T23:48:00.000Z,CEL
urn:ngsi-ld:Sensor:Mailroom_Temperature,22.211111111,2024-02-19T23:48:00.000Z,CEL
urn:ngsi-ld:Sensor:Lab_Temperature,21.09375,2024-02-20T11:12:00.000Z,CEL
urn:ngsi-ld:Sensor:Kitchen_Temperature,21.89375,2024-02-20T11:12:00.000Z,CEL
urn:ngsi-ld:Sensor:Mailroom_Temperature,21.89375,2024-02-20T11:12:00.000Z,CEL
urn:ngsi-ld:Sensor:Lab_Temperature,21.010714286,2024-02-20T22:36:00.000Z,CEL
urn:ngsi-ld:Sensor:Kitchen_Temperature,21.827777778,2024-02-20T22:36:00.000Z,CEL
urn:ngsi-ld:Sensor:Mailroom_Temperature,21.827777778,2024-02-20T22:36:00.000Z,CEL
urn:ngsi-ld:Sensor:Lab_Temperature,21.196774194,2024-02-21T10:00:00.000Z,CEL
urn:ngsi-ld:Sensor:Kitchen_Temperature,21.875,2024-02-21T10:00:00.000Z,CEL
urn:ngsi-ld:Sensor:Mailroom_Temperature,21.875,2024-02-21T10:00:00.000Z,CEL
urn:ngsi-ld:Sensor:Lab_Temperature,21.069230769,2024-02-21T21:24:00.000Z,CEL
urn:ngsi-ld:Sensor:Kitchen_Temperature,21.785714286,2024-02-21T21:24:00.000Z,CEL
urn:ngsi-ld:Sensor:Mailroom_Temperature,21.785714286,2024-02-21T21:24:00.000Z,CEL
urn:ngsi-ld:Sensor:Lab_Temperature,21.277777778,2024-02-22T08:48:00.000Z,CEL
urn:ngsi-ld:Sensor:Kitchen_Temperature,22.045,2024-02-22T08:48:00.000Z,CEL
urn:ngsi-ld:Sensor:Mailroom_Temperature,22.045,2024-02-22T08:48:00.000Z,CEL
urn:ngsi-ld:Sensor:Lab_Temperature,21.265384615,2024-02-22T20:12:00.000Z,CEL
urn:ngsi-ld:Sensor:Kitchen_Temperature,22.211111111,2024-02-22T20:12:00.000Z,CEL
urn:ngsi-ld:Sensor:Mailroom_Temperature,22.211111111,2024-02-22T20:12:00.000Z,CEL
urn:ngsi-ld:Sensor:Lab_Temperature,21.444444444,2024-02-23T07:36:00.000Z,CEL
urn:ngsi-ld:Sensor:Kitchen_Temperature,22.4125,2024-02-23T07:36:00.000Z,CEL
urn:ngsi-ld:Sensor:Mailroom_Temperature,22.4125,2024-02-23T07:36:00.000Z,CEL
urn:ngsi-ld:Sensor:Lab_Temperature,21.5875,2024-02-23T19:00:00.000Z,CEL
urn:ngsi-ld:Sensor:Kitchen_Temperature,22.461904762,2024-02-23T19:00:00.000Z,CEL
urn:ngsi-ld:Sensor:Mailroom_Temperature,22.461904762,2024-02-23T19:00:00.000Z,CEL
urn:ngsi-ld:Sensor:Lab_Temperature,21.790909091,2024-02-24T06:24:00.000Z,CEL
urn:ngsi-ld:Sensor:Kitchen_Temperature,22.578571429,2024-02-24T06:24:00.000Z,CEL
urn:ngsi-ld:Sensor:Mailroom_Temperature,22.578571429,2024-02-24T06:24:00.000Z,CEL
urn:ngsi-ld:Sensor:Lab_Temperature,21.94375,2024-02-24T17:48:00.000Z,CEL
urn:ngsi-ld:Sensor:Kitchen_Temperature,22.752173913,2024-02-24T17:48:00.000Z,CEL
urn:ngsi-ld:Sensor:Mailroom_Temperature,22.752173913,2024-02-24T17:48:00.000Z,CEL
urn:ngsi-ld:Sensor:Lab_Temperature,22.1,2024-02-25T05:12:00.000Z,CEL
urn:ngsi-ld:Sensor:Kitchen_Temperature,22.918181818,2024-02-25T05:12:00.000Z,CEL
urn:ngsi-ld:Sensor:Mailroom_Temperature,22.918181818,2024-02-25T05:12:00.000Z,CEL
urn:ngsi-ld:Sensor:Lab_Temperature,22.252173913,2024-02-25T16:36:00.000Z,CEL
urn:ngsi-ld:Sensor:Kitchen_Temperature,22.959090909,2024-02-25T16:36:00.000Z,CEL
urn:ngsi-ld:Sensor:Mailroom_Temperature,22.959090909,2024-02-25T16:36:00.000Z,CEL
urn:ngsi-ld:Sensor:Lab_Temperature,21.852,2024-02-26T04:00:00.000Z,CEL
urn:ngsi-ld:Sensor:Kitchen_Temperature,22.726086957,2024-02-26T04:00:00.000Z,CEL
urn:ngsi-ld:Sensor:Mailroom_Temperature,22.726086957,2024-02-26T04:00:00.000Z,CEL
urn:ngsi-ld:Sensor:Lab_Temperature,21.961538462,2024-02-26T15:24:00.000Z,CEL
urn:ngsi-ld:Sensor:Kitchen_Temperature,22.4,2024-02-26T15:24:00.000Z,CEL
urn:ngsi-ld:Sensor:Mailroom_Temperature,22.4,2024-02-26T15:24:00.000Z,CEL
urn:ngsi-ld:Sensor:Lab_Temperature,22.04,2024-02-27T02:48:00.000Z,CEL
urn:ngsi-ld:Sensor:Kitchen_Temperature,22.376190476,2024-02-27T02:48:00.000Z,CEL
urn:ngsi-ld:Sensor:Mailroom_Temperature,22.376190476,2024-02-27T02:48:00.000Z,CEL
urn:ngsi-ld:Sensor:Lab_Temperature,21.986956522,2024-02-27T14:12:00.000Z,CEL
urn:ngsi-ld:Sensor:Kitchen_Temperature,22.438095238,2024-02-27T14:12:00.000Z,CEL
urn:ngsi-ld:Sensor:Lab_Temperature,21.9,2024-02-28T01:36:00.000Z,CEL
urn:ngsi-ld:Sensor:Kitchen_Temperature,22.2625,2024-02-28T01:36:00.000Z,CEL
urn:ngsi-ld:Sensor:Mailroom_Temperature,22.2625,2024-02-28T01:36:00.000Z,CEL
urn:ngsi-ld:Sensor:Lab_Temperature,22.013043478,2024-02-28T13:00:00.000Z,CEL
urn:ngsi-ld:Sensor:Kitchen_Temperature,22.281481481,2024-02-28T13:00:00.000Z,CEL
urn:ngsi-ld:Sensor:Mailroom_Temperature,22.281481481,2024-02-28T13:00:00.000Z,CEL
urn:ngsi-ld:Sensor:Lab_Temperature,21.885714286,2024-02-29T00:24:00.000Z,CEL
urn:ngsi-ld:Sensor:Kitchen_Temperature,22.255,2024-02-29T00:24:00.000Z,CEL
urn:ngsi-ld:Sensor:Mailroom_Temperature,22.255,2024-02-29T00:24:00.000Z,CEL
urn:ngsi-ld:Sensor:Lab_Temperature,22.09047619,2024-02-29T11:48:00.000Z,CEL
urn:ngsi-ld:Sensor:Kitchen_Temperature,22.45,2024-02-29T11:48:00.000Z,CEL
urn:ngsi-ld:Sensor:Mailroom_Temperature,22.45,2024-02-29T11:48:00.000Z,CEL
urn:ngsi-ld:Sensor:Lab_Temperature,21.92962963,2024-02-29T23:12:00.000Z,CEL
urn:ngsi-ld:Sensor:Kitchen_Temperature,22.336,2024-02-29T23:12:00.000Z,CEL
urn:ngsi-ld:Sensor:Mailroom_Temperature,22.336,2024-02-29T23:12:00.000Z,CEL
urn:ngsi-ld:Sensor:Lab_Temperature,21.828571429,2024-03-01T10:36:00.000Z,CEL
urn:ngsi-ld:Sensor:Kitchen_Temperature,22.270588235,2024-03-01T10:36:00.000Z,CEL
urn:ngsi-ld:Sensor:Mailroom_Temperature,22.270588235,2024-03-01T10:36:00.000Z,CEL
urn:ngsi-ld:Sensor:Lab_Temperature,21.752380952,2024-03-01T22:00:00.000Z,CEL
urn:ngsi-ld:Sensor:Kitchen_Temperature,22.15,2024-03-01T22:00:00.000Z,CEL
urn:ngsi-ld:Sensor:Mailroom_Temperature,22.15,2024-03-01T22:00:00.000Z,CEL
urn:ngsi-ld:Sensor:Lab_Temperature,21.765517241,2024-03-02T09:24:00.000Z,CEL
urn:ngsi-ld:Sensor:Kitchen_Temperature,22.183333333,2024-03-02T09:24:00.000Z,CEL
urn:ngsi-ld:Sensor:Mailroom_Temperature,22.183333333,2024-03-02T09:24:00.000Z,CEL
urn:ngsi-ld:Sensor:Lab_Temperature,21.692857143,2024-03-02T20:48:00.000Z,CEL
urn:ngsi-ld:Sensor:Kitchen_Temperature,22.142857143,2024-03-02T20:48:00.000Z,CEL
urn:ngsi-ld:Sensor:Mailroom_Temperature,22.142857143,2024-03-02T20:48:00.000Z,CEL
urn:ngsi-ld:Sensor:Lab_Temperature,21.503030303,2024-03-03T08:12:00.000Z,CEL
urn:ngsi-ld:Sensor:Kitchen_Temperature,22.219047619,2024-03-03T08:12:00.000Z,CEL
urn:ngsi-ld:Sensor:Mailroom_Temperature,22.219047619,2024-03-03T08:12:00.000Z,CEL
urn:ngsi-ld:Sensor:Lab_Temperature,21.246428571,2024-03-03T19:36:00.000Z,CEL
urn:ngsi-ld:Sensor:Kitchen_Temperature,22.084,2024-03-03T19:36:00.000Z,CEL
urn:ngsi-ld:Sensor:Mailroom_Temperature,22.084,2024-03-03T19:36:00.000Z,CEL
urn:ngsi-ld:Sensor:Lab_Temperature,21.743478261,2024-03-04T07:00:00.000Z,CEL
urn:ngsi-ld:Sensor:Mailroom_Temperature,22.295652174,2024-03-04T07:00:00.000Z,CEL
urn:ngsi-ld:Sensor:Lab_Temperature,21.614285714,2024-03-04T18:24:00.000Z,CEL
urn:ngsi-ld:Sensor:Kitchen_Temperature,22.15,2024-03-04T18:24:00.000Z,CEL
urn:ngsi-ld:Sensor:Mailroom_Temperature,22.15,2024-03-04T18:24:00.000Z,CEL
urn:ngsi-ld:Sensor:Lab_Temperature,21.271875,2024-03-05T05:48:00.000Z,CEL
urn:ngsi-ld:Sensor:Kitchen_Temperature,22.193103448,2024-03-05T05:48:00.000Z,CEL
urn:ngsi-ld:Sensor:Mailroom_Temperature,22.193103448,2024-03-05T05:48:00.000Z,CEL
urn:ngsi-ld:Sensor:Lab_Temperature,21.496,2024-03-05T17:12:00.000Z,CEL
urn:ngsi-ld:Sensor:Kitchen_Temperature,22.142105263,2024-03-05T17:12:00.000Z,CEL
urn:ngsi-ld:Sensor:Mailroom_Temperature,22.142105263,2024-03-05T17:12:00.000Z,CEL
urn:ngsi-ld:Sensor:Lab_Temperature,21.769230769,2024-03-06T04:36:00.000Z,CEL
urn:ngsi-ld:Sensor:Kitchen_Temperature,22.36,2024-03-06T04:36:00.000Z,CEL
urn:ngsi-ld:Sensor:Mailroom_Temperature,22.36,2024-03-06T04:36:00.000Z,CEL
urn:ngsi-ld:Sensor:Lab_Temperature,21.680769231,2024-03-06T16:00:00.000Z,CEL
urn:ngsi-ld:Sensor:Mailroom_Temperature,22.266666667,2024-03-06T16:00:00.000Z,CEL
urn:ngsi-ld:Sensor:Lab_Temperature,21.764,2024-03-07T03:24:00.000Z,CEL
urn:ngsi-ld:Sensor:Kitchen_Temperature,22.169230769,2024-03-07T03:24:00.000Z,CEL
urn:ngsi-ld:Sensor:Mailroom_Temperature,22.169230769,2024-03-07T03:24:00.000Z,CEL
urn:ngsi-ld:Sensor:Lab_Temperature,21.892307692,2024-03-07T14:48:00.000Z,CEL
urn:ngsi-ld:Sensor:Kitchen_Temperature,22.112,2024-03-07T14:48:00.000Z,CEL
urn:ngsi-ld:Sensor:Mailroom_Temperature,22.112,2024-03-07T14:48:00.000Z,CEL
urn:ngsi-ld:Sensor:Lab_Temperature,22.088,2024-03-08T02:12:00.000Z,CEL
urn:ngsi-ld:Sensor:Kitchen_Temperature,22.345454545,2024-03-08T02:12:00.000Z,CEL
urn:ngsi-ld:Sensor:Mailroom_Temperature,22.345454545,2024-03-08T02:12:00.000Z,CEL
urn:ngsi-ld:Sensor:Lab_Temperature,21.967857143,2024-03-08T13:36:00.000Z,CEL
urn:ngsi-ld:Sensor:Kitchen_Temperature,22.283333333,2024-03-08T13:36:00.000Z,CEL
urn:ngsi-ld:Sensor:Mailroom_Temperature,22.283333333,2024-03-08T13:36:00.000Z,CEL
urn:ngsi-ld:Sensor:Lab_Temperature,22.016,2024-03-09T01:00:00.000Z,CEL
urn:ngsi-ld:Sensor:Kitchen_Temperature,22.347619048,2024-03-09T01:00:00.000Z,CEL
urn:ngsi-ld:Sensor:Mailroom_Temperature,22.347619048,2024-03-09T01:00:00.000Z,CEL
urn:ngsi-ld:Sensor:Lab_Temperature,22.007142857,2024-03-09T12:24:00.000Z,CEL
urn:ngsi-ld:Sensor:Kitchen_Temperature,22.395238095,2024-03-09T12:24:00.000Z,CEL
urn:ngsi-ld:Sensor:Mailroom_Temperature,22.395238095,2024-03-09T12:24:00.000Z,CEL
urn:ngsi-ld:Sensor:Lab_Temperature,22.058333333,2024-03-09T23:48:00.000Z,CEL
urn:ngsi-ld:Sensor:Kitchen_Temperature,22.463636364,2024-03-09T23:48:00.000Z,CEL
urn:ngsi-ld:Sensor:Mailroom_Temperature,22.463636364,2024-03-09T23:48:00.000Z,CEL
urn:ngsi-ld:Sensor:Lab_Temperature,21.423333333,2024-03-10T11:12:00.000Z,CEL
urn:ngsi-ld:Sensor:Mailroom_Temperature,22.164705882,2024-03-10T11:12:00.000Z,CEL
urn:ngsi-ld:Sensor:Lab_Temperature,21.470833333,2024-03-10T22:36:00.000Z,CEL
urn:ngsi-ld:Sensor:Kitchen_Temperature,22.03125,2024-03-10T22:36:00.000Z,CEL
urn:ngsi-ld:Sensor:Mailroom_Temperature,22.03125,2024-03-10T22:36:00.000Z,CEL
urn:ngsi-ld:Sensor:Lab_Temperature,21.617241379,2024-03-11T10:00:00.000Z,CEL
urn:ngsi-ld:Sensor:Kitchen_Temperature,21.984210526,2024-03-11T10:00:00.000Z,CEL
urn:ngsi-ld:Sensor:Mailroom_Temperature,21.984210526,2024-03-11T10:00:00.000Z,CEL
urn:ngsi-ld:Sensor:Lab_Temperature,21.519230769,2024-03-11T21:24:00.000Z,CEL
urn:ngsi-ld:Sensor:Kitchen_Temperature,21.918181818,2024-03-11T21:24:00.000Z,CEL
urn:ngsi-ld:Sensor:Mailroom_Temperature,21.918181818,2024-03-11T21:24:00.000Z,CEL
urn:ngsi-ld:Sensor:Lab_Temperature,21.236363636,2024-03-12T08:48:00.000Z,CEL
urn:ngsi-ld:Sensor:Mailroom_Temperature,21.815384615,2024-03-12T08:48:00.000Z,CEL
urn:ngsi-ld:Sensor:Lab_Temperature,20.983333333,2024-03-12T20:12:00.000Z,CEL
urn:ngsi-ld:Sensor:Kitchen_Temperature,21.55,2024-03-12T20:12:00.000Z,CEL
urn:ngsi-ld:Sensor:Mailroom_Temperature,21.55,2024-03-12T20:12:00.000Z,CEL
urn:ngsi-ld:Sensor:Lab_Temperature,21.104166667,2024-03-13T07:36:00.000Z,CEL
urn:ngsi-ld:Sensor:Kitchen_Temperature,21.537037037,2024-03-13T07:36:00.000Z,CEL
urn:ngsi-ld:Sensor:Mailroom_Temperature,21.537037037,2024-03-13T07:36:00.000Z,CEL
urn:ngsi-ld:Sensor:Lab_Temperature,20.97,2024-03-13T19:00:00.000Z,CEL
urn:ngsi-ld:Sensor:Kitchen_Temperature,21.455555556,2024-03-13T19:00:00.000Z,CEL
urn:ngsi-ld:Sensor:Mailroom_Temperature,21.455555556,2024-03-13T19:00:00.000Z,CEL
urn:ngsi-ld:Sensor:Lab_Temperature,21.332352941,2024-03-14T06:24:00.000Z,CEL
urn:ngsi-ld:Sensor:Kitchen_Temperature,21.313636364,2024-03-14T06:24:00.000Z,CEL
urn:ngsi-ld:Sensor:Mailroom_Temperature,21.313636364,2024-03-14T06:24:00.000Z,CEL
urn:ngsi-ld:Sensor:Lab_Temperature,20.994444444,2024-03-14T17:48:00.000Z,CEL
urn:ngsi-ld:Sensor:Kitchen_Temperature,21.252941176,2024-03-14T17:48:00.000Z,CEL
urn:ngsi-ld:Sensor:Mailroom_Temperature,21.252941176,2024-03-14T17:48:00.000Z,CEL
urn:ngsi-ld:Sensor:Lab_Temperature,21.406896552,2024-03-15T05:12:00.000Z,CEL
urn:ngsi-ld:Sensor:Kitchen_Temperature,21.55,2024-03-15T05:12:00.000Z,CEL
urn:ngsi-ld:Sensor:Mailroom_Temperature,21.55,2024-03-15T05:12:00.000Z,CEL
urn:ngsi-ld:Sensor:Lab_Temperature,21.3,2024-03-15T16:36:00.000Z,CEL
urn:ngsi-ld:Sensor:Kitchen_Temperature,21.553846154,2024-03-15T16:36:00.000Z,CEL
urn:ngsi-ld:Sensor:Mailroom_Temperature,21.553846154,2024-03-15T16:36:00.000Z,CEL
urn:ngsi-ld:Sensor:Lab_Temperature,21.660714286,2024-03-16T04:00:00.000Z,CEL
urn:ngsi-ld:Sensor:Kitchen_Temperature,21.719047619,2024-03-16T04:00:00.000Z,CEL
urn:ngsi-ld:Sensor:Mailroom_Temperature,21.719047619,2024-03-16T04:00:00.000Z,CEL
urn:ngsi-ld:Sensor:Lab_Temperature,22.577419355,2024-03-16T15:24:00.000Z,CEL
urn:ngsi-ld:Sensor:Kitchen_Temperature,22.127777778,2024-03-16T15:24:00.000Z,CEL
urn:ngsi-ld:Sensor:Mailroom_Temperature,22.127777778,2024-03-16T15:24:00.000Z,CEL
urn:ngsi-ld:Sensor:Lab_Temperature,22.281481481,2024-03-17T02:48:00.000Z,CEL
urn:ngsi-ld:Sensor:Kitchen_Temperature,22.088,2024-03-17T02:48:00.000Z,CEL
urn:ngsi-ld:Sensor:Mailroom_Temperature,22.088,2024-03-17T02:48:00.000Z,CEL
urn:ngsi-ld:Sensor:Lab_Temperature,22.004347826,2024-03-17T14:12:00.000Z,CEL
urn:ngsi-ld:Sensor:Kitchen_Temperature,21.74,2024-03-17T14:12:00.000Z,CEL
urn:ngsi-ld:Sensor:Mailroom_Temperature,21.74,2024-03-17T14:12:00.000Z,CEL
urn:ngsi-ld:Sensor:Lab_Temperature,21.541666667,2024-03-18T01:36:00.000Z,CEL
urn:ngsi-ld:Sensor:Kitchen_Temperature,21.727777778,2024-03-18T01:36:00.000Z,CEL
urn:ngsi-ld:Sensor:Mailroom_Temperature,21.727777778,2024-03-18T01:36:00.000Z,CEL
urn:ngsi-ld:Sensor:Lab_Temperature,21.6875,2024-03-18T13:00:00.000Z,CEL
urn:ngsi-ld:Sensor:Kitchen_Temperature,21.316666667,2024-03-18T13:00:00.000Z,CEL
urn:ngsi-ld:Sensor:Mailroom_Temperature,21.316666667,2024-03-18T13:00:00.000Z,CEL
urn:ngsi-ld:Sensor:Lab_Temperature,21.61875,2024-03-19T00:24:00.000Z,CEL
urn:ngsi-ld:Sensor:Kitchen_Temperature,21.488235294,2024-03-19T00:24:00.000Z,CEL
urn:ngsi-ld:Sensor:Mailroom_Temperature,21.488235294,2024-03-19T00:24:00.000Z,CEL
urn:ngsi-ld:Sensor:Lab_Temperature,21.648387097,2024-03-19T11:48:00.000Z,CEL
urn:ngsi-ld:Sensor:Kitchen_Temperature,21.125,2024-03-19T11:48:00.000Z,CEL
urn:ngsi-ld:Sensor:Mailroom_Temperature,21.125,2024-03-19T11:48:00.000Z,CEL
urn:ngsi-ld:Sensor:Lab_Temperature,21.704166667,2024-03-19T23:12:00.000Z,CEL
urn:ngsi-ld:Sensor:Kitchen_Temperature,21.305,2024-03-19T23:12:00.000Z,CEL
urn:ngsi-ld:Sensor:Mailroom_Temperature,21.305,2024-03-19T23:12:00.000Z,CEL
urn:ngsi-ld:Sensor:Lab_Temperature,21.088571429,2024-03-20T10:36:00.000Z,CEL
urn:ngsi-ld:Sensor:Kitchen_Temperature,21.023809524,2024-03-20T10:36:00.000Z,CEL
urn:ngsi-ld:Sensor:Mailroom_Temperature,21.023809524,2024-03-20T10:36:00.000Z,CEL
urn:ngsi-ld:Sensor:Lab_Temperature,20.868965517,2024-03-20T22:00:00.000Z,CEL
urn:ngsi-ld:Sensor:Kitchen_Temperature,21.1,2024-03-20T22:00:00.000Z,CEL
urn:ngsi-ld:Sensor:Mailroom_Temperature,21.1,2024-03-20T22:00:00.000Z,CEL
urn:ngsi-ld:Sensor:Lab_Temperature,21.4125,2024-03-21T09:24:00.000Z,CEL
urn:ngsi-ld:Sensor:Kitchen_Temperature,21.138095238,2024-03-21T09:24:00.000Z,CEL
urn:ngsi-ld:Sensor:Mailroom_Temperature,21.138095238,2024-03-21T09:24:00.000Z,CEL
urn:ngsi-ld:Sensor:Lab_Temperature,21.425925926,2024-03-21T20:48:00.000Z,CEL
urn:ngsi-ld:Sensor:Mailroom_Temperature,21.35,2024-03-21T20:48:00.000Z,CEL
urn:ngsi-ld:Sensor:Lab_Temperature,21.596296296,2024-03-22T08:12:00.000Z,CEL
urn:ngsi-ld:Sensor:Kitchen_Temperature,21.46875,2024-03-22T08:12:00.000Z,CEL
urn:ngsi-ld:Sensor:Mailroom_Temperature,21.46875,2024-03-22T08:12:00.000Z,CEL
urn:ngsi-ld:Sensor:Lab_Temperature,21.466666667,2024-03-22T19:36:00.000Z,CEL
urn:ngsi-ld:Sensor:Kitchen_Temperature,21.521052632,2024-03-22T19:36:00.000Z,CEL
urn:ngsi-ld:Sensor:Mailroom_Temperature,21.521052632,2024-03-22T19:36:00.000Z,CEL
urn:ngsi-ld:Sensor:Lab_Temperature,22.4375,2024-03-23T07:00:00.000Z,CEL
urn:ngsi-ld:Sensor:Kitchen_Temperature,21.838095238,2024-03-23T07:00:00.000Z,CEL
urn:ngsi-ld:Sensor:Mailroom_Temperature,21.838095238,2024-03-23T07:00:00.000Z,CEL
urn:ngsi-ld:Sensor:Lab_Temperature,23.28,2024-03-23T18:24:00.000Z,CEL
urn:ngsi-ld:Sensor:Kitchen_Temperature,22.564,2024-03-23T18:24:00.000Z,CEL
urn:ngsi-ld:Sensor:Mailroom_Temperature,22.564,2024-03-23T18:24:00.000Z,CEL
urn:ngsi-ld:Sensor:Lab_Temperature,23.863888889,2024-03-24T05:48:00.000Z,CEL
urn:ngsi-ld:Sensor:Kitchen_Temperature,22.875,2024-03-24T05:48:00.000Z,CEL
urn:ngsi-ld:Sensor:Mailroom_Temperature,22.875,2024-03-24T05:48:00.000Z,CEL
urn:ngsi-ld:Sensor:Lab_Temperature,23.915,2024-03-24T17:12:00.000Z,CEL
urn:ngsi-ld:Sensor:Kitchen_Temperature,22.876470588,2024-03-24T17:12:00.000Z,CEL
urn:ngsi-ld:Sensor:Mailroom_Temperature,22.876470588,2024-03-24T17:12:00.000Z,CEL
urn:ngsi-ld:Sensor:Lab_Temperature,22.564516129,2024-03-25T04:36:00.000Z,CEL
urn:ngsi-ld:Sensor:Mailroom_Temperature,22.373684211,2024-03-25T04:36:00.000Z,CEL
urn:ngsi-ld:Sensor:Lab_Temperature,20.016129032,2024-03-25T16:00:00.000Z,CEL
urn:ngsi-ld:Sensor:Kitchen_Temperature,21.019047619,2024-03-25T16:00:00.000Z,CEL
urn:ngsi-ld:Sensor:Mailroom_Temperature,21.019047619,2024-03-25T16:00:00.000Z,CEL
urn:ngsi-ld:Sensor:Lab_Temperature,20.167857143,2024-03-26T03:24:00.000Z,CEL
urn:ngsi-ld:Sensor:Kitchen_Temperature,20.757142857,2024-03-26T03:24:00.000Z,CEL
urn:ngsi-ld:Sensor:Mailroom_Temperature,20.757142857,2024-03-26T03:24:00.000Z,CEL
urn:ngsi-ld:Sensor:Lab_Temperature,19.896774194,2024-03-26T14:48:00.000Z,CEL
urn:ngsi-ld:Sensor:Kitchen_Temperature,20.605882353,2024-03-26T14:48:00.000Z,CEL
urn:ngsi-ld:Sensor:Mailroom_Temperature,20.605882353,2024-03-26T14:48:00.000Z,CEL
urn:ngsi-ld:Sensor:Lab_Temperature,19.876923077,2024-03-27T02:12:00.000Z,CEL
urn:ngsi-ld:Sensor:Kitchen_Temperature,20.626315789,2024-03-27T02:12:00.000Z,CEL
urn:ngsi-ld:Sensor:Mailroom_Temperature,20.626315789,2024-03-27T02:12:00.000Z,CEL
urn:ngsi-ld:Sensor:Lab_Temperature,21.139130435,2024-03-27T13:36:00.000Z,CEL
urn:ngsi-ld:Sensor:Kitchen_Temperature,21.28,2024-03-27T13:36:00.000Z,CEL
urn:ngsi-ld:Sensor:Mailroom_Temperature,21.28,2024-03-27T13:36:00.000Z,CEL
urn:ngsi-ld:Sensor:Lab_Temperature,21.575,2024-03-28T01:00:00.000Z,CEL
urn:ngsi-ld:Sensor:Kitchen_Temperature,21.657894737,2024-03-28T01:00:00.000Z,CEL
urn:ngsi-ld:Sensor:Mailroom_Temperature,21.657894737,2024-03-28T01:00:00.000Z,CEL
urn:ngsi-ld:Sensor:Lab_Temperature,21.84516129,2024-03-28T12:24:00.000Z,CEL
urn:ngsi-ld:Sensor:Kitchen_Temperature,21.769565217,2024-03-28T12:24:00.000Z,CEL
urn:ngsi-ld:Sensor:Mailroom_Temperature,21.769565217,2024-03-28T12:24:00.000Z,CEL
urn:ngsi-ld:Sensor:Lab_Temperature,21.56,2024-03-28T23:48:00.000Z,CEL
urn:ngsi-ld:Sensor:Kitchen_Temperature,21.776190476,2024-03-28T23:48:00.000Z,CEL
urn:ngsi-ld:Sensor:Mailroom_Temperature,21.776190476,2024-03-28T23:48:00.000Z,CEL
urn:ngsi-ld:Sensor:Lab_Temperature,21.481818182,2024-03-29T11:12:00.000Z,CEL
urn:ngsi-ld:Sensor:Kitchen_Temperature,21.753333333,2024-03-29T11:12:00.000Z,CEL
urn:ngsi-ld:Sensor:Mailroom_Temperature,21.753333333,2024-03-29T11:12:00.000Z,CEL
urn:ngsi-ld:Sensor:Lab_Temperature,21.457142857,2024-03-29T22:36:00.000Z,CEL
urn:ngsi-ld:Sensor:Kitchen_Temperature,21.770588235,2024-03-29T22:36:00.000Z,CEL
urn:ngsi-ld:Sensor:Mailroom_Temperature,21.770588235,2024-03-29T22:36:00.000Z,CEL
urn:ngsi-ld:Sensor:Lab_Temperature,21.675,2024-03-30T10:00:00.000Z,CEL
urn:ngsi-ld:Sensor:Kitchen_Temperature,21.796296296,2024-03-30T10:00:00.000Z,CEL
urn:ngsi-ld:Sensor:Mailroom_Temperature,21.796296296,2024-03-30T10:00:00.000Z,CEL
urn:ngsi-ld:Sensor:Lab_Temperature,21.564705882,2024-03-30T21:24:00.000Z,CEL
urn:ngsi-ld:Sensor:Kitchen_Temperature,21.854545455,2024-03-30T21:24:00.000Z,CEL
urn:ngsi-ld:Sensor:Mailroom_Temperature,21.854545455,2024-03-30T21:24:00.000Z,CEL
urn:ngsi-ld:Sensor:Lab_Temperature,21.675,2024-03-31T08:48:00.000Z,CEL
urn:ngsi-ld:Sensor:Kitchen_Temperature,21.905,2024-03-31T08:48:00.000Z,CEL
urn:ngsi-ld:Sensor:Mailroom_Temperature,21.905,2024-03-31T08:48:00.000Z,CEL
urn:ngsi-ld:Sensor:Lab_Temperature,22.282608696,2024-03-31T20:12:00.000Z,CEL
urn:ngsi-ld:Sensor:Kitchen_Temperature,22.338095238,2024-03-31T20:12:00.000Z,CEL
urn:ngsi-ld:Sensor:Mailroom_Temperature,22.338095238,2024-03-31T20:12:00.000Z,CEL
urn:ngsi-ld:Sensor:Lab_Temperature,21.502857143,2024-04-01T07:36:00.000Z,CEL
urn:ngsi-ld:Sensor:Kitchen_Temperature,22.085,2024-04-01T07:36:00.000Z,CEL
urn:ngsi-ld:Sensor:Mailroom_Temperature,22.085,2024-04-01T07:36:00.000Z,CEL
urn:ngsi-ld:Sensor:Lab_Temperature,21.331034483,2024-04-01T19:00:00.000Z,CEL
urn:ngsi-ld:Sensor:Kitchen_Temperature,21.8,2024-04-01T19:00:00.000Z,CEL
urn:ngsi-ld:Sensor:Mailroom_Temperature,21.8,2024-04-01T19:00:00.000Z,CEL
urn:ngsi-ld:Sensor:Lab_Temperature,21.823076923,2024-04-02T06:24:00.000Z,CEL
urn:ngsi-ld:Sensor:Kitchen_Temperature,22.004761905,2024-04-02T06:24:00.000Z,CEL
urn:ngsi-ld:Sensor:Mailroom_Temperature,22.004761905,2024-04-02T06:24:00.000Z,CEL
urn:ngsi-ld:Sensor:Lab_Temperature,21.448,2024-04-02T17:48:00.000Z,CEL
urn:ngsi-ld:Sensor:Kitchen_Temperature,21.9125,2024-04-02T17:48:00.000Z,CEL
urn:ngsi-ld:Sensor:Mailroom_Temperature,21.9125,2024-04-02T17:48:00.000Z,CEL
urn:ngsi-ld:Sensor:Lab_Temperature,21.884848485,2024-04-03T05:12:00.000Z,CEL
urn:ngsi-ld:Sensor:Kitchen_Temperature,22,2024-04-03T05:12:00.000Z,CEL
urn:ngsi-ld:Sensor:Mailroom_Temperature,22,2024-04-03T05:12:00.000Z,CEL
urn:ngsi-ld:Sensor:Lab_Temperature,21.507692308,2024-04-03T16:36:00.000Z,CEL
urn:ngsi-ld:Sensor:Kitchen_Temperature,21.952380952,2024-04-03T16:36:00.000Z,CEL
urn:ngsi-ld:Sensor:Mailroom_Temperature,21.952380952,2024-04-03T16:36:00.000Z,CEL
urn:ngsi-ld:Sensor:Lab_Temperature,21.932142857,2024-04-04T04:00:00.000Z,CEL
urn:ngsi-ld:Sensor:Kitchen_Temperature,22.109090909,2024-04-04T04:00:00.000Z,CEL
urn:ngsi-ld:Sensor:Mailroom_Temperature,22.109090909,2024-04-04T04:00:00.000Z,CEL
urn:ngsi-ld:Sensor:Lab_Temperature,21.636363636,2024-04-04T15:24:00.000Z,CEL
urn:ngsi-ld:Sensor:Kitchen_Temperature,21.984615385,2024-04-04T15:24:00.000Z,CEL
urn:ngsi-ld:Sensor:Mailroom_Temperature,21.984615385,2024-04-04T15:24:00.000Z,CEL
urn:ngsi-ld:Sensor:Lab_Temperature,21.606666667,2024-04-05T02:48:00.000Z,CEL
urn:ngsi-ld:Sensor:Kitchen_Temperature,22.03,2024-04-05T02:48:00.000Z,CEL
urn:ngsi-ld:Sensor:Mailroom_Temperature,22.03,2024-04-05T02:48:00.000Z,CEL
urn:ngsi-ld:Sensor:Lab_Temperature,21.672,2024-04-05T14:12:00.000Z,CEL
urn:ngsi-ld:Sensor:Kitchen_Temperature,22.07826087,2024-04-05T14:12:00.000Z,CEL
urn:ngsi-ld:Sensor:Mailroom_Temperature,22.07826087,2024-04-05T14:12:00.000Z,CEL
urn:ngsi-ld:Sensor:Lab_Temperature,21.773913043,2024-04-06T01:36:00.000Z,CEL
urn:ngsi-ld:Sensor:Kitchen_Temperature,22.107692308,2024-04-06T01:36:00.000Z,CEL
urn:ngsi-ld:Sensor:Mailroom_Temperature,22.107692308,2024-04-06T01:36:00.000Z,CEL
urn:ngsi-ld:Sensor:Lab_Temperature,21.671428571,2024-04-06T13:00:00.000Z,CEL
urn:ngsi-ld:Sensor:Kitchen_Temperature,22.056521739,2024-04-06T13:00:00.000Z,CEL
urn:ngsi-ld:Sensor:Mailroom_Temperature,22.056521739,2024-04-06T13:00:00.000Z,CEL
urn:ngsi-ld:Sensor:Lab_Temperature,21.728,2024-04-07T00:24:00.000Z,CEL
urn:ngsi-ld:Sensor:Kitchen_Temperature,22.095652174,2024-04-07T00:24:00.000Z,CEL
urn:ngsi-ld:Sensor:Mailroom_Temperature,22.095652174,2024-04-07T00:24:00.000Z,CEL
urn:ngsi-ld:Sensor:Lab_Temperature,22.15483871,2024-04-07T11:48:00.000Z,CEL
urn:ngsi-ld:Sensor:Kitchen_Temperature,22.089473684,2024-04-07T11:48:00.000Z,CEL
urn:ngsi-ld:Sensor:Mailroom_Temperature,22.089473684,2024-04-07T11:48:00.000Z,CEL
urn:ngsi-ld:Sensor:Lab_Temperature,21.69375,2024-04-07T23:12:00.000Z,CEL
urn:ngsi-ld:Sensor:Kitchen_Temperature,22.063636364,2024-04-07T23:12:00.000Z,CEL
urn:ngsi-ld:Sensor:Mailroom_Temperature,22.063636364,2024-04-07T23:12:00.000Z,CEL
urn:ngsi-ld:Sensor:Lab_Temperature,22.837142857,2024-04-08T10:36:00.000Z,CEL
urn:ngsi-ld:Sensor:Kitchen_Temperature,22.052,2024-04-08T10:36:00.000Z,CEL
urn:ngsi-ld:Sensor:Mailroom_Temperature,22.052,2024-04-08T10:36:00.000Z,CEL
urn:ngsi-ld:Sensor:Lab_Temperature,21.938888889,2024-04-08T22:00:00.000Z,CEL
urn:ngsi-ld:Sensor:Kitchen_Temperature,22.080769231,2024-04-08T22:00:00.000Z,CEL
urn:ngsi-ld:Sensor:Mailroom_Temperature,22.080769231,2024-04-08T22:00:00.000Z,CEL
urn:ngsi-ld:Sensor:Lab_Temperature,22.368965517,2024-04-09T09:24:00.000Z,CEL
urn:ngsi-ld:Sensor:Kitchen_Temperature,22.15,2024-04-09T09:24:00.000Z,CEL
urn:ngsi-ld:Sensor:Lab_Temperature,21.773529412,2024-04-09T20:48:00.000Z,CEL
urn:ngsi-ld:Sensor:Kitchen_Temperature,22.152941176,2024-04-09T20:48:00.000Z,CEL
urn:ngsi-ld:Sensor:Mailroom_Temperature,22.152941176,2024-04-09T20:48:00.000Z,CEL
urn:ngsi-ld:Sensor:Lab_Temperature,22.74516129,2024-04-10T08:12:00.000Z,CEL
urn:ngsi-ld:Sensor:Kitchen_Temperature,22.161538462,2024-04-10T08:12:00.000Z,CEL
urn:ngsi-ld:Sensor:Mailroom_Temperature,22.161538462,2024-04-10T08:12:00.000Z,CEL
urn:ngsi-ld:Sensor:Lab_Temperature,21.971875,2024-04-10T19:36:00.000Z,CEL
urn:ngsi-ld:Sensor:Kitchen_Temperature,22.145833333,2024-04-10T19:36:00.000Z,CEL
urn:ngsi-ld:Sensor:Mailroom_Temperature,22.145833333,2024-04-10T19:36:00.000Z,CEL
urn:ngsi-ld:Sensor:Lab_Temperature,22.838888889,2024-04-11T07:00:00.000Z,CEL
urn:ngsi-ld:Sensor:Kitchen_Temperature,22.161111111,2024-04-11T07:00:00.000Z,CEL
urn:ngsi-ld:Sensor:Mailroom_Temperature,22.161111111,2024-04-11T07:00:00.000Z,CEL
urn:ngsi-ld:Sensor:Lab_Temperature,22.217857143,2024-04-11T18:24:00.000Z,CEL
urn:ngsi-ld:Sensor:Kitchen_Temperature,22.163636364,2024-04-11T18:24:00.000Z,CEL
urn:ngsi-ld:Sensor:Mailroom_Temperature,22.163636364,2024-04-11T18:24:00.000Z,CEL
urn:ngsi-ld:Sensor:Lab_Temperature,22.696875,2024-04-12T05:48:00.000Z,CEL
urn:ngsi-ld:Sensor:Kitchen_Temperature,22.161904762,2024-04-12T05:48:00.000Z,CEL
urn:ngsi-ld:Sensor:Mailroom_Temperature,22.161904762,2024-04-12T05:48:00.000Z,CEL
urn:ngsi-ld:Sensor:Lab_Temperature,22.186666667,2024-04-12T17:12:00.000Z,CEL
urn:ngsi-ld:Sensor:Kitchen_Temperature,22.15,2024-04-12T17:12:00.000Z,CEL
urn:ngsi-ld:Sensor:Mailroom_Temperature,22.15,2024-04-12T17:12:00.000Z,CEL
urn:ngsi-ld:Sensor:Lab_Temperature,22.294444444,2024-04-13T04:36:00.000Z,CEL
urn:ngsi-ld:Sensor:Kitchen_Temperature,22.155555556,2024-04-13T04:36:00.000Z,CEL
urn:ngsi-ld:Sensor:Mailroom_Temperature,22.155555556,2024-04-13T04:36:00.000Z,CEL
urn:ngsi-ld:Sensor:Lab_Temperature,22.013333333,2024-04-13T16:00:00.000Z,CEL
urn:ngsi-ld:Sensor:Kitchen_Temperature,22.121428571,2024-04-13T16:00:00.000Z,CEL
urn:ngsi-ld:Sensor:Mailroom_Temperature,22.121428571,2024-04-13T16:00:00.000Z,CEL
urn:ngsi-ld:Sensor:Lab_Temperature,21.983333333,2024-04-14T03:24:00.000Z,CEL
urn:ngsi-ld:Sensor:Kitchen_Temperature,22.165384615,2024-04-14T03:24:00.000Z,CEL
urn:ngsi-ld:Sensor:Mailroom_Temperature,22.165384615,2024-04-14T03:24:00.000Z,CEL
urn:ngsi-ld:Sensor:Lab_Temperature,22.148,2024-04-14T14:48:00.000Z,CEL
urn:ngsi-ld:Sensor:Kitchen_Temperature,22.13,2024-04-14T14:48:00.000Z,CEL
urn:ngsi-ld:Sensor:Mailroom_Temperature,22.13,2024-04-14T14:48:00.000Z,CEL
urn:ngsi-ld:Sensor:Lab_Temperature,22.142424242,2024-04-15T02:12:00.000Z,CEL
urn:ngsi-ld:Sensor:Kitchen_Temperature,22.190909091,2024-04-15T02:12:00.000Z,CEL
urn:ngsi-ld:Sensor:Mailroom_Temperature,22.190909091,2024-04-15T02:12:00.000Z,CEL
urn:ngsi-ld:Sensor:Lab_Temperature,21.890909091,2024-04-15T13:36:00.000Z,CEL
urn:ngsi-ld:Sensor:Kitchen_Temperature,21.984,2024-04-15T13:36:00.000Z,CEL
urn:ngsi-ld:Sensor:Mailroom_Temperature,21.984,2024-04-15T13:36:00.000Z,CEL
urn:ngsi-ld:Sensor:Lab_Temperature,22.48125,2024-04-16T01:00:00.000Z,CEL
urn:ngsi-ld:Sensor:Kitchen_Temperature,22.282352941,2024-04-16T01:00:00.000Z,CEL
urn:ngsi-ld:Sensor:Mailroom_Temperature,22.282352941,2024-04-16T01:00:00.000Z,CEL
urn:ngsi-ld:Sensor:Lab_Temperature,22.7375,2024-04-16T12:24:00.000Z,CEL
urn:ngsi-ld:Sensor:Kitchen_Temperature,22.66,2024-04-16T12:24:00.000Z,CEL
urn:ngsi-ld:Sensor:Mailroom_Temperature,22.66,2024-04-16T12:24:00.000Z,CEL
urn:ngsi-ld:Sensor:Lab_Temperature,23.081818182,2024-04-16T23:48:00.000Z,CEL
urn:ngsi-ld:Sensor:Kitchen_Temperature,22.970588235,2024-04-16T23:48:00.000Z,CEL
urn:ngsi-ld:Sensor:Mailroom_Temperature,22.970588235,2024-04-16T23:48:00.000Z,CEL
urn:ngsi-ld:Sensor:Lab_Temperature,23.895238095,2024-04-17T11:12:00.000Z,CEL
urn:ngsi-ld:Sensor:Kitchen_Temperature,23.274074074,2024-04-17T11:12:00.000Z,CEL
urn:ngsi-ld:Sensor:Mailroom_Temperature,23.274074074,2024-04-17T11:12:00.000Z,CEL
urn:ngsi-ld:Sensor:Lab_Temperature,23.552631579,2024-04-17T22:36:00.000Z,CEL
urn:ngsi-ld:Sensor:Kitchen_Temperature,23.40952381,2024-04-17T22:36:00.000Z,CEL
urn:ngsi-ld:Sensor:Mailroom_Temperature,23.40952381,2024-04-17T22:36:00.000Z,CEL
urn:ngsi-ld:Sensor:Lab_Temperature,23.666666667,2024-04-18T10:00:00.000Z,CEL
urn:ngsi-ld:Sensor:Kitchen_Temperature,23.310526316,2024-04-18T10:00:00.000Z,CEL
urn:ngsi-ld:Sensor:Mailroom_Temperature,23.310526316,2024-04-18T10:00:00.000Z,CEL
urn:ngsi-ld:Sensor:Lab_Temperature,23.340909091,2024-04-18T21:24:00.000Z,CEL
urn:ngsi-ld:Sensor:Kitchen_Temperature,23.206666667,2024-04-18T21:24:00.000Z,CEL
urn:ngsi-ld:Sensor:Mailroom_Temperature,23.206666667,2024-04-18T21:24:00.000Z,CEL
urn:ngsi-ld:Sensor:Lab_Temperature,22.787096774,2024-04-19T08:48:00.000Z,CEL
urn:ngsi-ld:Sensor:Kitchen_Temperature,22.983333333,2024-04-19T08:48:00.000Z,CEL
urn:ngsi-ld:Sensor:Mailroom_Temperature,22.983333333,2024-04-19T08:48:00.000Z,CEL
urn:ngsi-ld:Sensor:Lab_Temperature,22.89,2024-04-19T20:12:00.000Z,CEL
urn:ngsi-ld:Sensor:Kitchen_Temperature,22.916666667,2024-04-19T20:12:00.000Z,CEL
urn:ngsi-ld:Sensor:Mailroom_Temperature,22.916666667,2024-04-19T20:12:00.000Z,CEL
urn:ngsi-ld:Sensor:Lab_Temperature,22.633333333,2024-04-20T07:36:00.000Z,CEL
urn:ngsi-ld:Sensor:Kitchen_Temperature,22.861904762,2024-04-20T07:36:00.000Z,CEL
urn:ngsi-ld:Sensor:Mailroom_Temperature,22.861904762,2024-04-20T07:36:00.000Z,CEL
urn:ngsi-ld:Sensor:Lab_Temperature,22.829411765,2024-04-20T19:00:00.000Z,CEL
urn:ngsi-ld:Sensor:Kitchen_Temperature,23,2024-04-20T19:00:00.000Z,CEL
urn:ngsi-ld:Sensor:Mailroom_Temperature,23,2024-04-20T19:00:00.000Z,CEL
urn:ngsi-ld:Sensor:Lab_Temperature,23.02,2024-04-21T06:24:00.000Z,CEL
urn:ngsi-ld:Sensor:Kitchen_Temperature,23.1375,2024-04-21T06:24:00.000Z,CEL
urn:ngsi-ld:Sensor:Mailroom_Temperature,23.1375,2024-04-21T06:24:00.000Z,CEL
urn:ngsi-ld:Sensor:Lab_Temperature,22.954166667,2024-04-21T17:48:00.000Z,CEL
urn:ngsi-ld:Sensor:Kitchen_Temperature,23.022727273,2024-04-21T17:48:00.000Z,CEL
urn:ngsi-ld:Sensor:Mailroom_Temperature,23.022727273,2024-04-21T17:48:00.000Z,CEL
urn:ngsi-ld:Sensor:Lab_Temperature,24.204081633,2024-04-22T05:12:00.000Z,CEL
urn:ngsi-ld:Sensor:Kitchen_Temperature,22.473076923,2024-04-22T05:12:00.000Z,CEL
urn:ngsi-ld:Sensor:Mailroom_Temperature,22.473076923,2024-04-22T05:12:00.000Z,CEL
urn:ngsi-ld:Sensor:Lab_Temperature,22.694117647,2024-04-22T16:36:00.000Z,CEL
urn:ngsi-ld:Sensor:Mailroom_Temperature,21.757894737,2024-04-22T16:36:00.000Z,CEL
urn:ngsi-ld:Sensor:Lab_Temperature,22.76097561,2024-04-23T04:00:00.000Z,CEL
urn:ngsi-ld:Sensor:Kitchen_Temperature,21.882758621,2024-04-23T04:00:00.000Z,CEL
urn:ngsi-ld:Sensor:Mailroom_Temperature,21.882758621,2024-04-23T04:00:00.000Z,CEL
urn:ngsi-ld:Sensor:Lab_Temperature,22.173333333,2024-04-23T15:24:00.000Z,CEL
urn:ngsi-ld:Sensor:Kitchen_Temperature,21.734615385,2024-04-23T15:24:00.000Z,CEL
urn:ngsi-ld:Sensor:Mailroom_Temperature,21.734615385,2024-04-23T15:24:00.000Z,CEL
urn:ngsi-ld:Sensor:Lab_Temperature,22.148148148,2024-04-24T02:48:00.000Z,CEL
urn:ngsi-ld:Sensor:Kitchen_Temperature,21.9125,2024-04-24T02:48:00.000Z,CEL
urn:ngsi-ld:Sensor:Mailroom_Temperature,21.9125,2024-04-24T02:48:00.000Z,CEL
urn:ngsi-ld:Sensor:Lab_Temperature,21.902857143,2024-04-24T14:12:00.000Z,CEL
urn:ngsi-ld:Sensor:Kitchen_Temperature,21.830769231,2024-04-24T14:12:00.000Z,CEL
urn:ngsi-ld:Sensor:Mailroom_Temperature,21.830769231,2024-04-24T14:12:00.000Z,CEL
urn:ngsi-ld:Sensor:Lab_Temperature,21.74,2024-04-25T01:36:00.000Z,CEL
urn:ngsi-ld:Sensor:Kitchen_Temperature,21.907692308,2024-04-25T01:36:00.000Z,CEL
urn:ngsi-ld:Sensor:Mailroom_Temperature,21.907692308,2024-04-25T01:36:00.000Z,CEL
urn:ngsi-ld:Sensor:Lab_Temperature,22.323529412,2024-04-25T13:00:00.000Z,CEL
urn:ngsi-ld:Sensor:Kitchen_Temperature,21.941176471,2024-04-25T13:00:00.000Z,CEL
urn:ngsi-ld:Sensor:Mailroom_Temperature,21.941176471,2024-04-25T13:00:00.000Z,CEL
urn:ngsi-ld:Sensor:Lab_Temperature,21.669230769,2024-04-26T00:24:00.000Z,CEL
urn:ngsi-ld:Sensor:Kitchen_Temperature,21.745454545,2024-04-26T00:24:00.000Z,CEL
urn:ngsi-ld:Sensor:Mailroom_Temperature,21.745454545,2024-04-26T00:24:00.000Z,CEL
urn:ngsi-ld:Sensor:Lab_Temperature,21.551724138,2024-04-26T11:48:00.000Z,CEL
urn:ngsi-ld:Sensor:Kitchen_Temperature,21.695,2024-04-26T11:48:00.000Z,CEL
urn:ngsi-ld:Sensor:Mailroom_Temperature,21.695,2024-04-26T11:48:00.000Z,CEL
urn:ngsi-ld:Sensor:Lab_Temperature,21.4375,2024-04-26T23:12:00.000Z,CEL
urn:ngsi-ld:Sensor:Kitchen_Temperature,21.688888889,2024-04-26T23:12:00.000Z,CEL
urn:ngsi-ld:Sensor:Mailroom_Temperature,21.688888889,2024-04-26T23:12:00.000Z,CEL
urn:ngsi-ld:Sensor:Lab_Temperature,21.7625,2024-04-27T10:36:00.000Z,CEL
urn:ngsi-ld:Sensor:Kitchen_Temperature,21.7,2024-04-27T10:36:00.000Z,CEL
urn:ngsi-ld:Sensor:Mailroom_Temperature,21.7,2024-04-27T10:36:00.000Z,CEL
urn:ngsi-ld:Sensor:Lab_Temperature,21.628,2024-04-27T22:00:00.000Z,CEL
urn:ngsi-ld:Sensor:Kitchen_Temperature,21.573913043,2024-04-27T22:00:00.000Z,CEL
urn:ngsi-ld:Sensor:Mailroom_Temperature,21.573913043,2024-04-27T22:00:00.000Z,CEL
urn:ngsi-ld:Sensor:Lab_Temperature,21.934782609,2024-04-28T09:24:00.000Z,CEL
urn:ngsi-ld:Sensor:Kitchen_Temperature,21.628571429,2024-04-28T09:24:00.000Z,CEL
urn:ngsi-ld:Sensor:Mailroom_Temperature,21.628571429,2024-04-28T09:24:00.000Z,CEL
urn:ngsi-ld:Sensor:Lab_Temperature,21.275,2024-04-28T20:48:00.000Z,CEL
urn:ngsi-ld:Sensor:Lab_Temperature,22.179166667,2024-04-29T08:12:00.000Z,CEL
urn:ngsi-ld:Sensor:Kitchen_Temperature,21.708333333,2024-04-29T08:12:00.000Z,CEL
urn:ngsi-ld:Sensor:Mailroom_Temperature,21.708333333,2024-04-29T08:12:00.000Z,CEL
urn:ngsi-ld:Sensor:Lab_Temperature,21.926923077,2024-04-29T19:36:00.000Z,CEL
urn:ngsi-ld:Sensor:Kitchen_Temperature,21.574074074,2024-04-29T19:36:00.000Z,CEL
urn:ngsi-ld:Sensor:Mailroom_Temperature,21.574074074,2024-04-29T19:36:00.000Z,CEL
urn:ngsi-ld:Sensor:Lab_Temperature,22.244444444,2024-04-30T07:00:00.000Z,CEL
urn:ngsi-ld:Sensor:Kitchen_Temperature,21.603571429,2024-04-30T07:00:00.000Z,CEL
urn:ngsi-ld:Sensor:Mailroom_Temperature,21.603571429,2024-04-30T07:00:00.000Z,CEL
urn:ngsi-ld:Sensor:Lab_Temperature,20.95,2024-04-30T18:24:00.000Z,CEL
urn:ngsi-ld:Sensor:Kitchen_Temperature,20.795454545,2024-04-30T18:24:00.000Z,CEL
urn:ngsi-ld:Sensor:Mailroom_Temperature,20.795454545,2024-04-30T18:24:00.000Z,CEL
urn:ngsi-ld:Sensor:Lab_Temperature,21.662162162,2024-05-01T05:48:00.000Z,CEL
urn:ngsi-ld:Sensor:Kitchen_Temperature,20.975,2024-05-01T05:48:00.000Z,CEL
urn:ngsi-ld:Sensor:Mailroom_Temperature,20.975,2024-05-01T05:48:00.000Z,CEL
urn:ngsi-ld:Sensor:Lab_Temperature,20.367857143,2024-05-01T17:12:00.000Z,CEL
urn:ngsi-ld:Sensor:Kitchen_Temperature,20.541666667,2024-05-01T17:12:00.000Z,CEL
urn:ngsi-ld:Sensor:Mailroom_Temperature,20.541666667,2024-05-01T17:12:00.000Z,CEL
urn:ngsi-ld:Sensor:Lab_Temperature,21.25,2024-05-02T04:36:00.000Z,CEL
urn:ngsi-ld:Sensor:Kitchen_Temperature,20.945,2024-05-02T04:36:00.000Z,CEL
urn:ngsi-ld:Sensor:Mailroom_Temperature,20.945,2024-05-02T04:36:00.000Z,CEL
urn:ngsi-ld:Sensor:Lab_Temperature,22.594444444,2024-05-02T16:00:00.000Z,CEL
urn:ngsi-ld:Sensor:Kitchen_Temperature,21.895652174,2024-05-02T16:00:00.000Z,CEL
urn:ngsi-ld:Sensor:Mailroom_Temperature,21.895652174,2024-05-02T16:00:00.000Z,CEL
urn:ngsi-ld:Sensor:Lab_Temperature,23.446153846,2024-05-03T03:24:00.000Z,CEL
urn:ngsi-ld:Sensor:Kitchen_Temperature,22.657142857,2024-05-03T03:24:00.000Z,CEL
urn:ngsi-ld:Sensor:Mailroom_Temperature,22.657142857,2024-05-03T03:24:00.000Z,CEL
urn:ngsi-ld:Sensor:Lab_Temperature,23.755555556,2024-05-03T14:48:00.000Z,CEL
urn:ngsi-ld:Sensor:Kitchen_Temperature,23.177272727,2024-05-03T14:48:00.000Z,CEL
urn:ngsi-ld:Sensor:Mailroom_Temperature,23.177272727,2024-05-03T14:48:00.000Z,CEL
urn:ngsi-ld:Sensor:Lab_Temperature,23.988461538,2024-05-04T02:12:00.000Z,CEL
urn:ngsi-ld:Sensor:Kitchen_Temperature,23.366666667,2024-05-04T02:12:00.000Z,CEL
urn:ngsi-ld:Sensor:Mailroom_Temperature,23.366666667,2024-05-04T02:12:00.000Z,CEL
urn:ngsi-ld:Sensor:Lab_Temperature,23.895238095,2024-05-04T13:36:00.000Z,CEL
urn:ngsi-ld:Sensor:Kitchen_Temperature,23.286363636,2024-05-04T13:36:00.000Z,CEL
urn:ngsi-ld:Sensor:Mailroom_Temperature,23.286363636,2024-05-04T13:36:00.000Z,CEL
urn:ngsi-ld:Sensor:Lab_Temperature,23.331818182,2024-05-05T01:00:00.000Z,CEL
urn:ngsi-ld:Sensor:Kitchen_Temperature,23.2,2024-05-05T01:00:00.000Z,CEL
urn:ngsi-ld:Sensor:Mailroom_Temperature,23.2,2024-05-05T01:00:00.000Z,CEL
urn:ngsi-ld:Sensor:Lab_Temperature,20.848275862,2024-05-05T12:24:00.000Z,CEL
urn:ngsi-ld:Sensor:Kitchen_Temperature,22.045454545,2024-05-05T12:24:00.000Z,CEL
urn:ngsi-ld:Sensor:Mailroom_Temperature,22.045454545,2024-05-05T12:24:00.000Z,CEL
urn:ngsi-ld:Sensor:Lab_Temperature,20.40625,2024-05-05T23:48:00.000Z,CEL
urn:ngsi-ld:Sensor:Kitchen_Temperature,21.343478261,2024-05-05T23:48:00.000Z,CEL
urn:ngsi-ld:Sensor:Mailroom_Temperature,21.343478261,2024-05-05T23:48:00.000Z,CEL
urn:ngsi-ld:Sensor:Lab_Temperature,20.416129032,2024-05-06T11:12:00.000Z,CEL
urn:ngsi-ld:Sensor:Kitchen_Temperature,21.331818182,2024-05-06T11:12:00.000Z,CEL
urn:ngsi-ld:Sensor:Mailroom_Temperature,21.331818182,2024-05-06T11:12:00.000Z,CEL
urn:ngsi-ld:Sensor:Lab_Temperature,20.385714286,2024-05-06T22:36:00.000Z,CEL
urn:ngsi-ld:Sensor:Kitchen_Temperature,21.01,2024-05-06T22:36:00.000Z,CEL
urn:ngsi-ld:Sensor:Mailroom_Temperature,21.01,2024-05-06T22:36:00.000Z,CEL
urn:ngsi-ld:Sensor:Lab_Temperature,21.028571429,2024-05-07T10:00:00.000Z,CEL
urn:ngsi-ld:Sensor:Kitchen_Temperature,21.144444444,2024-05-07T10:00:00.000Z,CEL
urn:ngsi-ld:Sensor:Mailroom_Temperature,21.144444444,2024-05-07T10:00:00.000Z,CEL
urn:ngsi-ld:Sensor:Lab_Temperature,20.896153846,2024-05-07T21:24:00.000Z,CEL
urn:ngsi-ld:Sensor:Kitchen_Temperature,21.295,2024-05-07T21:24:00.000Z,CEL
urn:ngsi-ld:Sensor:Lab_Temperature,21.231034483,2024-05-08T08:48:00.000Z,CEL
urn:ngsi-ld:Sensor:Kitchen_Temperature,21.453846154,2024-05-08T08:48:00.000Z,CEL
urn:ngsi-ld:Sensor:Mailroom_Temperature,21.453846154,2024-05-08T08:48:00.000Z,CEL
urn:ngsi-ld:Sensor:Lab_Temperature,20.483333333,2024-05-08T20:12:00.000Z,CEL
urn:ngsi-ld:Sensor:Kitchen_Temperature,20.957692308,2024-05-08T20:12:00.000Z,CEL
urn:ngsi-ld:Sensor:Mailroom_Temperature,20.957692308,2024-05-08T20:12:00.000Z,CEL
urn:ngsi-ld:Sensor:Lab_Temperature,21.904878049,2024-05-09T07:36:00.000Z,CEL
urn:ngsi-ld:Sensor:Kitchen_Temperature,21.186206897,2024-05-09T07:36:00.000Z,CEL
urn:ngsi-ld:Sensor:Mailroom_Temperature,21.186206897,2024-05-09T07:36:00.000Z,CEL
urn:ngsi-ld:Sensor:Lab_Temperature,21.103571429,2024-05-09T19:00:00.000Z,CEL
urn:ngsi-ld:Sensor:Kitchen_Temperature,21.094736842,2024-05-09T19:00:00.000Z,CEL
urn:ngsi-ld:Sensor:Mailroom_Temperature,21.094736842,2024-05-09T19:00:00.000Z,CEL
urn:ngsi-ld:Sensor:Lab_Temperature,21.580645161,2024-05-10T06:24:00.000Z,CEL
urn:ngsi-ld:Sensor:Kitchen_Temperature,21.35,2024-05-10T06:24:00.000Z,CEL
urn:ngsi-ld:Sensor:Mailroom_Temperature,21.35,2024-05-10T06:24:00.000Z,CEL
urn:ngsi-ld:Sensor:Lab_Temperature,21.765384615,2024-05-10T17:48:00.000Z,CEL
urn:ngsi-ld:Sensor:Kitchen_Temperature,21.495238095,2024-05-10T17:48:00.000Z,CEL
urn:ngsi-ld:Sensor:Mailroom_Temperature,21.495238095,2024-05-10T17:48:00.000Z,CEL
urn:ngsi-ld:Sensor:Lab_Temperature,21.422727273,2024-05-11T05:12:00.000Z,CEL
urn:ngsi-ld:Sensor:Kitchen_Temperature,21.463157895,2024-05-11T05:12:00.000Z,CEL
urn:ngsi-ld:Sensor:Mailroom_Temperature,21.463157895,2024-05-11T05:12:00.000Z,CEL
urn:ngsi-ld:Sensor:Lab_Temperature,20.995454545,2024-05-11T16:36:00.000Z,CEL
urn:ngsi-ld:Sensor:Kitchen_Temperature,21.204,2024-05-11T16:36:00.000Z,CEL
urn:ngsi-ld:Sensor:Mailroom_Temperature,21.204,2024-05-11T16:36:00.000Z,CEL
urn:ngsi-ld:Sensor:Lab_Temperature,21.739130435,2024-05-12T04:00:00.000Z,CEL
urn:ngsi-ld:Sensor:Kitchen_Temperature,21.27826087,2024-05-12T04:00:00.000Z,CEL
urn:ngsi-ld:Sensor:Mailroom_Temperature,21.27826087,2024-05-12T04:00:00.000Z,CEL
urn:ngsi-ld:Sensor:Lab_Temperature,21.119047619,2024-05-12T15:24:00.000Z,CEL
urn:ngsi-ld:Sensor:Kitchen_Temperature,20.938888889,2024-05-12T15:24:00.000Z,CEL
urn:ngsi-ld:Sensor:Mailroom_Temperature,20.938888889,2024-05-12T15:24:00.000Z,CEL
urn:ngsi-ld:Sensor:Lab_Temperature,21.836363636,2024-05-13T02:48:00.000Z,CEL
urn:ngsi-ld:Sensor:Kitchen_Temperature,21.427272727,2024-05-13T02:48:00.000Z,CEL
urn:ngsi-ld:Sensor:Mailroom_Temperature,21.427272727,2024-05-13T02:48:00.000Z,CEL
urn:ngsi-ld:Sensor:Lab_Temperature,21.475862069,2024-05-13T14:12:00.000Z,CEL
urn:ngsi-ld:Sensor:Kitchen_Temperature,21.292857143,2024-05-13T14:12:00.000Z,CEL
urn:ngsi-ld:Sensor:Mailroom_Temperature,21.292857143,2024-05-13T14:12:00.000Z,CEL
urn:ngsi-ld:Sensor:Lab_Temperature,21.864,2024-05-14T01:36:00.000Z,CEL
urn:ngsi-ld:Sensor:Kitchen_Temperature,21.452,2024-05-14T01:36:00.000Z,CEL
urn:ngsi-ld:Sensor:Mailroom_Temperature,21.452,2024-05-14T01:36:00.000Z,CEL
urn:ngsi-ld:Sensor:Lab_Temperature,21.68974359,2024-05-14T13:00:00.000Z,CEL
urn:ngsi-ld:Sensor:Kitchen_Temperature,20.766666667,2024-05-14T13:00:00.000Z,CEL
urn:ngsi-ld:Sensor:Mailroom_Temperature,20.766666667,2024-05-14T13:00:00.000Z,CEL
urn:ngsi-ld:Sensor:Lab_Temperature,21.575862069,2024-05-15T00:24:00.000Z,CEL
urn:ngsi-ld:Sensor:Kitchen_Temperature,20.595454545,2024-05-15T00:24:00.000Z,CEL
urn:ngsi-ld:Sensor:Mailroom_Temperature,20.595454545,2024-05-15T00:24:00.000Z,CEL
urn:ngsi-ld:Sensor:Lab_Temperature,22.388235294,2024-05-15T11:48:00.000Z,CEL
urn:ngsi-ld:Sensor:Kitchen_Temperature,20.38,2024-05-15T11:48:00.000Z,CEL
urn:ngsi-ld:Sensor:Mailroom_Temperature,20.38,2024-05-15T11:48:00.000Z,CEL
urn:ngsi-ld:Sensor:Lab_Temperature,21.677142857,2024-05-15T23:12:00.000Z,CEL
urn:ngsi-ld:Sensor:Kitchen_Temperature,20.386666667,2024-05-15T23:12:00.000Z,CEL
urn:ngsi-ld:Sensor:Mailroom_Temperature,20.386666667,2024-05-15T23:12:00.000Z,CEL
urn:ngsi-ld:Sensor:Lab_Temperature,23.42972973,2024-05-16T10:36:00.000Z,CEL
urn:ngsi-ld:Sensor:Kitchen_Temperature,20.414285714,2024-05-16T10:36:00.000Z,CEL
urn:ngsi-ld:Sensor:Mailroom_Temperature,20.414285714,2024-05-16T10:36:00.000Z,CEL
urn:ngsi-ld:Sensor:Lab_Temperature,21.55,2024-05-16T22:00:00.000Z,CEL
urn:ngsi-ld:Sensor:Kitchen_Temperature,20.369230769,2024-05-16T22:00:00.000Z,CEL
urn:ngsi-ld:Sensor:Mailroom_Temperature,20.369230769,2024-05-16T22:00:00.000Z,CEL
urn:ngsi-ld:Sensor:Lab_Temperature,20.679310345,2024-05-17T09:24:00.000Z,CEL
urn:ngsi-ld:Sensor:Kitchen_Temperature,20.208,2024-05-17T09:24:00.000Z,CEL
urn:ngsi-ld:Sensor:Mailroom_Temperature,20.208,2024-05-17T09:24:00.000Z,CEL
urn:ngsi-ld:Sensor:Lab_Temperature,21.1125,2024-05-17T20:48:00.000Z,CEL
urn:ngsi-ld:Sensor:Kitchen_Temperature,20.204761905,2024-05-17T20:48:00.000Z,CEL
urn:ngsi-ld:Sensor:Mailroom_Temperature,20.204761905,2024-05-17T20:48:00.000Z,CEL
urn:ngsi-ld:Sensor:Lab_Temperature,20.646666667,2024-05-18T08:12:00.000Z,CEL
urn:ngsi-ld:Sensor:Kitchen_Temperature,20.141666667,2024-05-18T08:12:00.000Z,CEL
urn:ngsi-ld:Sensor:Mailroom_Temperature,20.141666667,2024-05-18T08:12:00.000Z,CEL
urn:ngsi-ld:Sensor:Lab_Temperature,20.855172414,2024-05-18T19:36:00.000Z,CEL
urn:ngsi-ld:Sensor:Kitchen_Temperature,20.181818182,2024-05-18T19:36:00.000Z,CEL
urn:ngsi-ld:Sensor:Mailroom_Temperature,20.181818182,2024-05-18T19:36:00.000Z,CEL
urn:ngsi-ld:Sensor:Lab_Temperature,22.137837838,2024-05-19T07:00:00.000Z,CEL
urn:ngsi-ld:Sensor:Kitchen_Temperature,20.260869565,2024-05-19T07:00:00.000Z,CEL
urn:ngsi-ld:Sensor:Mailroom_Temperature,20.260869565,2024-05-19T07:00:00.000Z,CEL
urn:ngsi-ld:Sensor:Lab_Temperature,21.862068966,2024-05-19T18:24:00.000Z,CEL
urn:ngsi-ld:Sensor:Kitchen_Temperature,20.056,2024-05-19T18:24:00.000Z,CEL
urn:ngsi-ld:Sensor:Mailroom_Temperature,20.056,2024-05-19T18:24:00.000Z,CEL
urn:ngsi-ld:Sensor:Lab_Temperature,21.606666667,2024-05-20T05:48:00.000Z,CEL
urn:ngsi-ld:Sensor:Kitchen_Temperature,20.642307692,2024-05-20T05:48:00.000Z,CEL
urn:ngsi-ld:Sensor:Mailroom_Temperature,20.642307692,2024-05-20T05:48:00.000Z,CEL
urn:ngsi-ld:Sensor:Kitchen_Temperature,20.352,2024-05-20T17:12:00.000Z,CEL
urn:ngsi-ld:Sensor:Lab_Temperature,20.188,2024-05-20T17:12:00.000Z,CEL
urn:ngsi-ld:Sensor:Lab_Temperature,20.892,2024-05-21T04:36:00.000Z,CEL
urn:ngsi-ld:Sensor:Kitchen_Temperature,20.438461538,2024-05-21T04:36:00.000Z,CEL
urn:ngsi-ld:Sensor:Mailroom_Temperature,20.438461538,2024-05-21T04:36:00.000Z,CEL
urn:ngsi-ld:Sensor:Lab_Temperature,20.572,2024-05-21T16:00:00.000Z,CEL
urn:ngsi-ld:Sensor:Mailroom_Temperature,20.340909091,2024-05-21T16:00:00.000Z,CEL
urn:ngsi-ld:Sensor:Lab_Temperature,20.751515152,2024-05-22T03:24:00.000Z,CEL
urn:ngsi-ld:Sensor:Kitchen_Temperature,20.511111111,2024-05-22T03:24:00.000Z,CEL
urn:ngsi-ld:Sensor:Mailroom_Temperature,20.511111111,2024-05-22T03:24:00.000Z,CEL
urn:ngsi-ld:Sensor:Lab_Temperature,20.968,2024-05-22T14:48:00.000Z,CEL
urn:ngsi-ld:Sensor:Mailroom_Temperature,20.342857143,2024-05-22T14:48:00.000Z,CEL
urn:ngsi-ld:Sensor:Lab_Temperature,20.892307692,2024-05-23T02:12:00.000Z,CEL
urn:ngsi-ld:Sensor:Kitchen_Temperature,20.515789474,2024-05-23T02:12:00.000Z,CEL
urn:ngsi-ld:Sensor:Mailroom_Temperature,20.515789474,2024-05-23T02:12:00.000Z,CEL
urn:ngsi-ld:Sensor:Lab_Temperature,21.628,2024-05-23T13:36:00.000Z,CEL
urn:ngsi-ld:Sensor:Kitchen_Temperature,20.854545455,2024-05-23T13:36:00.000Z,CEL
urn:ngsi-ld:Sensor:Mailroom_Temperature,20.854545455,2024-05-23T13:36:00.000Z,CEL
urn:ngsi-ld:Sensor:Lab_Temperature,22.848,2024-05-24T01:00:00.000Z,CEL
urn:ngsi-ld:Sensor:Kitchen_Temperature,21.683333333,2024-05-24T01:00:00.000Z,CEL
urn:ngsi-ld:Sensor:Mailroom_Temperature,21.683333333,2024-05-24T01:00:00.000Z,CEL
urn:ngsi-ld:Sensor:Lab_Temperature,22.396296296,2024-05-24T12:24:00.000Z,CEL
urn:ngsi-ld:Sensor:Kitchen_Temperature,21.604347826,2024-05-24T12:24:00.000Z,CEL
urn:ngsi-ld:Sensor:Mailroom_Temperature,21.604347826,2024-05-24T12:24:00.000Z,CEL
urn:ngsi-ld:Sensor:Lab_Temperature,22.514285714,2024-05-24T23:48:00.000Z,CEL
urn:ngsi-ld:Sensor:Kitchen_Temperature,21.691304348,2024-05-24T23:48:00.000Z,CEL
urn:ngsi-ld:Sensor:Mailroom_Temperature,21.691304348,2024-05-24T23:48:00.000Z,CEL
urn:ngsi-ld:Sensor:Lab_Temperature,22.415625,2024-05-25T11:12:00.000Z,CEL
urn:ngsi-ld:Sensor:Kitchen_Temperature,21.6625,2024-05-25T11:12:00.000Z,CEL
urn:ngsi-ld:Sensor:Mailroom_Temperature,21.6625,2024-05-25T11:12:00.000Z,CEL
urn:ngsi-ld:Sensor:Lab_Temperature,22.328571429,2024-05-25T22:36:00.000Z,CEL
urn:ngsi-ld:Sensor:Mailroom_Temperature,21.8,2024-05-25T22:36:00.000Z,CEL
urn:ngsi-ld:Sensor:Lab_Temperature,22.282608696,2024-05-26T10:00:00.000Z,CEL
urn:ngsi-ld:Sensor:Kitchen_Temperature,21.7625,2024-05-26T10:00:00.000Z,CEL
urn:ngsi-ld:Sensor:Mailroom_Temperature,21.7625,2024-05-26T10:00:00.000Z,CEL
urn:ngsi-ld:Sensor:Lab_Temperature,21.728,2024-05-26T21:24:00.000Z,CEL
urn:ngsi-ld:Sensor:Kitchen_Temperature,21.473913043,2024-05-26T21:24:00.000Z,CEL
urn:ngsi-ld:Sensor:Mailroom_Temperature,21.473913043,2024-05-26T21:24:00.000Z,CEL
urn:ngsi-ld:Sensor:Lab_Temperature,22.573076923,2024-05-27T08:48:00.000Z,CEL
urn:ngsi-ld:Sensor:Kitchen_Temperature,21.831578947,2024-05-27T08:48:00.000Z,CEL
urn:ngsi-ld:Sensor:Mailroom_Temperature,21.831578947,2024-05-27T08:48:00.000Z,CEL
urn:ngsi-ld:Sensor:Lab_Temperature,21.226086957,2024-05-27T20:12:00.000Z,CEL
urn:ngsi-ld:Sensor:Kitchen_Temperature,21.227272727,2024-05-27T20:12:00.000Z,CEL
urn:ngsi-ld:Sensor:Mailroom_Temperature,21.227272727,2024-05-27T20:12:00.000Z,CEL
urn:ngsi-ld:Sensor:Lab_Temperature,22.012121212,2024-05-28T07:36:00.000Z,CEL
urn:ngsi-ld:Sensor:Kitchen_Temperature,21.356666667,2024-05-28T07:36:00.000Z,CEL
urn:ngsi-ld:Sensor:Mailroom_Temperature,21.356666667,2024-05-28T07:36:00.000Z,CEL
urn:ngsi-ld:Sensor:Lab_Temperature,21.524,2024-05-28T19:00:00.000Z,CEL
urn:ngsi-ld:Sensor:Kitchen_Temperature,21.2,2024-05-28T19:00:00.000Z,CEL
urn:ngsi-ld:Sensor:Mailroom_Temperature,21.2,2024-05-28T19:00:00.000Z,CEL
urn:ngsi-ld:Sensor:Lab_Temperature,21.969230769,2024-05-29T06:24:00.000Z,CEL
urn:ngsi-ld:Sensor:Kitchen_Temperature,21.288888889,2024-05-29T06:24:00.000Z,CEL
urn:ngsi-ld:Sensor:Mailroom_Temperature,21.288888889,2024-05-29T06:24:00.000Z,CEL
urn:ngsi-ld:Sensor:Lab_Temperature,21.508695652,2024-05-29T17:48:00.000Z,CEL
urn:ngsi-ld:Sensor:Kitchen_Temperature,21.204761905,2024-05-29T17:48:00.000Z,CEL
urn:ngsi-ld:Sensor:Mailroom_Temperature,21.204761905,2024-05-29T17:48:00.000Z,CEL
urn:ngsi-ld:Sensor:Lab_Temperature,21.84,2024-05-30T05:12:00.000Z,CEL
urn:ngsi-ld:Sensor:Kitchen_Temperature,21.35,2024-05-30T05:12:00.000Z,CEL
urn:ngsi-ld:Sensor:Mailroom_Temperature,21.35,2024-05-30T05:12:00.000Z,CEL
urn:ngsi-ld:Sensor:Lab_Temperature,23.203846154,2024-05-30T16:36:00.000Z,CEL
urn:ngsi-ld:Sensor:Kitchen_Temperature,22.004166667,2024-05-30T16:36:00.000Z,CEL
urn:ngsi-ld:Sensor:Mailroom_Temperature,22.004166667,2024-05-30T16:36:00.000Z,CEL
urn:ngsi-ld:Sensor:Lab_Temperature,23.426315789,2024-05-31T04:00:00.000Z,CEL
urn:ngsi-ld:Sensor:Kitchen_Temperature,22.527272727,2024-05-31T04:00:00.000Z,CEL
urn:ngsi-ld:Sensor:Mailroom_Temperature,22.527272727,2024-05-31T04:00:00.000Z,CEL
urn:ngsi-ld:Sensor:Lab_Temperature,22.466666667,2024-05-31T15:24:00.000Z,CEL
urn:ngsi-ld:Sensor:Kitchen_Temperature,22.21,2024-05-31T15:24:00.000Z,CEL
urn:ngsi-ld:Sensor:Mailroom_Temperature,22.21,2024-05-31T15:24:00.000Z,CEL
urn:ngsi-ld:Sensor:Lab_Temperature,22.75,2024-06-01T02:48:00.000Z,CEL
urn:ngsi-ld:Sensor:Kitchen_Temperature,22.194736842,2024-06-01T02:48:00.000Z,CEL
urn:ngsi-ld:Sensor:Mailroom_Temperature,22.194736842,2024-06-01T02:48:00.000Z,CEL
urn:ngsi-ld:Sensor:Lab_Temperature,22.52,2024-06-01T14:12:00.000Z,CEL
urn:ngsi-ld:Sensor:Kitchen_Temperature,22.09,2024-06-01T14:12:00.000Z,CEL
urn:ngsi-ld:Sensor:Mailroom_Temperature,22.09,2024-06-01T14:12:00.000Z,CEL
urn:ngsi-ld:Sensor:Lab_Temperature,22.7,2024-06-02T01:36:00.000Z,CEL
urn:ngsi-ld:Sensor:Kitchen_Temperature,22.018518519,2024-06-02T01:36:00.000Z,CEL
urn:ngsi-ld:Sensor:Mailroom_Temperature,22.018518519,2024-06-02T01:36:00.000Z,CEL
urn:ngsi-ld:Sensor:Lab_Temperature,22.575862069,2024-06-02T13:00:00.000Z,CEL
urn:ngsi-ld:Sensor:Kitchen_Temperature,22,2024-06-02T13:00:00.000Z,CEL
urn:ngsi-ld:Sensor:Mailroom_Temperature,22,2024-06-02T13:00:00.000Z,CEL
urn:ngsi-ld:Sensor:Lab_Temperature,22.276190476,2024-06-03T00:24:00.000Z,CEL
urn:ngsi-ld:Sensor:Kitchen_Temperature,21.830434783,2024-06-03T00:24:00.000Z,CEL
urn:ngsi-ld:Sensor:Mailroom_Temperature,21.830434783,2024-06-03T00:24:00.000Z,CEL
urn:ngsi-ld:Sensor:Lab_Temperature,22.737037037,2024-06-03T11:48:00.000Z,CEL
urn:ngsi-ld:Sensor:Kitchen_Temperature,22.0125,2024-06-03T11:48:00.000Z,CEL
urn:ngsi-ld:Sensor:Mailroom_Temperature,22.0125,2024-06-03T11:48:00.000Z,CEL
urn:ngsi-ld:Sensor:Lab_Temperature,22.269230769,2024-06-03T23:12:00.000Z,CEL
urn:ngsi-ld:Sensor:Kitchen_Temperature,21.757142857,2024-06-03T23:12:00.000Z,CEL
urn:ngsi-ld:Sensor:Mailroom_Temperature,21.757142857,2024-06-03T23:12:00.000Z,CEL
urn:ngsi-ld:Sensor:Lab_Temperature,22.739130435,2024-06-04T10:36:00.000Z,CEL
urn:ngsi-ld:Sensor:Mailroom_Temperature,21.693333333,2024-06-04T10:36:00.000Z,CEL
urn:ngsi-ld:Sensor:Lab_Temperature,21.917647059,2024-06-04T22:00:00.000Z,CEL
urn:ngsi-ld:Sensor:Kitchen_Temperature,21.515,2024-06-04T22:00:00.000Z,CEL
urn:ngsi-ld:Sensor:Mailroom_Temperature,21.515,2024-06-04T22:00:00.000Z,CEL
urn:ngsi-ld:Sensor:Lab_Temperature,22.192,2024-06-05T09:24:00.000Z,CEL
urn:ngsi-ld:Sensor:Kitchen_Temperature,21.647368421,2024-06-05T09:24:00.000Z,CEL
urn:ngsi-ld:Sensor:Mailroom_Temperature,21.647368421,2024-06-05T09:24:00.000Z,CEL
urn:ngsi-ld:Sensor:Lab_Temperature,21.182352941,2024-06-05T20:48:00.000Z,CEL
urn:ngsi-ld:Sensor:Kitchen_Temperature,21.171428571,2024-06-05T20:48:00.000Z,CEL
urn:ngsi-ld:Sensor:Lab_Temperature,21.575,2024-06-06T08:12:00.000Z,CEL
urn:ngsi-ld:Sensor:Kitchen_Temperature,21.34,2024-06-06T08:12:00.000Z,CEL
urn:ngsi-ld:Sensor:Mailroom_Temperature,21.34,2024-06-06T08:12:00.000Z,CEL
urn:ngsi-ld:Sensor:Lab_Temperature,21.256666667,2024-06-06T19:36:00.000Z,CEL
urn:ngsi-ld:Sensor:Mailroom_Temperature,21.340909091,2024-06-06T19:36:00.000Z,CEL
urn:ngsi-ld:Sensor:Lab_Temperature,21.504545455,2024-06-07T07:00:00.000Z,CEL
urn:ngsi-ld:Sensor:Kitchen_Temperature,21.405555556,2024-06-07T07:00:00.000Z,CEL
urn:ngsi-ld:Sensor:Mailroom_Temperature,21.405555556,2024-06-07T07:00:00.000Z,CEL
urn:ngsi-ld:Sensor:Lab_Temperature,21.083333333,2024-06-07T18:24:00.000Z,CEL
urn:ngsi-ld:Sensor:Kitchen_Temperature,21.438461538,2024-06-07T18:24:00.000Z,CEL
urn:ngsi-ld:Sensor:Mailroom_Temperature,21.438461538,2024-06-07T18:24:00.000Z,CEL
urn:ngsi-ld:Sensor:Lab_Temperature,21.663636364,2024-06-08T05:48:00.000Z,CEL
urn:ngsi-ld:Sensor:Kitchen_Temperature,21.51,2024-06-08T05:48:00.000Z,CEL
urn:ngsi-ld:Sensor:Mailroom_Temperature,21.51,2024-06-08T05:48:00.000Z,CEL
urn:ngsi-ld:Sensor:Lab_Temperature,21.822727273,2024-06-08T17:12:00.000Z,CEL
urn:ngsi-ld:Sensor:Kitchen_Temperature,21.536842105,2024-06-08T17:12:00.000Z,CEL
urn:ngsi-ld:Sensor:Mailroom_Temperature,21.536842105,2024-06-08T17:12:00.000Z,CEL
urn:ngsi-ld:Sensor:Lab_Temperature,21.647058824,2024-06-09T04:36:00.000Z,CEL
urn:ngsi-ld:Sensor:Kitchen_Temperature,21.485714286,2024-06-09T04:36:00.000Z,CEL
urn:ngsi-ld:Sensor:Mailroom_Temperature,21.485714286,2024-06-09T04:36:00.000Z,CEL
urn:ngsi-ld:Sensor:Lab_Temperature,21.781818182,2024-06-09T16:00:00.000Z,CEL
urn:ngsi-ld:Sensor:Kitchen_Temperature,21.464705882,2024-06-09T16:00:00.000Z,CEL
urn:ngsi-ld:Sensor:Mailroom_Temperature,21.464705882,2024-06-09T16:00:00.000Z,CEL
urn:ngsi-ld:Sensor:Lab_Temperature,21.522222222,2024-06-10T03:24:00.000Z,CEL
urn:ngsi-ld:Sensor:Kitchen_Temperature,21.513636364,2024-06-10T03:24:00.000Z,CEL
urn:ngsi-ld:Sensor:Mailroom_Temperature,21.513636364,2024-06-10T03:24:00.000Z,CEL
urn:ngsi-ld:Sensor:Lab_Temperature,21.178571429,2024-06-10T14:48:00.000Z,CEL
urn:ngsi-ld:Sensor:Kitchen_Temperature,21.296,2024-06-10T14:48:00.000Z,CEL
urn:ngsi-ld:Sensor:Mailroom_Temperature,21.296,2024-06-10T14:48:00.000Z,CEL
urn:ngsi-ld:Sensor:Lab_Temperature,20.411111111,2024-06-11T02:12:00.000Z,CEL
urn:ngsi-ld:Sensor:Kitchen_Temperature,20.603225806,2024-06-11T02:12:00.000Z,CEL
urn:ngsi-ld:Sensor:Mailroom_Temperature,20.603225806,2024-06-11T02:12:00.000Z,CEL
urn:ngsi-ld:Sensor:Lab_Temperature,20.764,2024-06-11T13:36:00.000Z,CEL
urn:ngsi-ld:Sensor:Kitchen_Temperature,20.541666667,2024-06-11T13:36:00.000Z,CEL
urn:ngsi-ld:Sensor:Mailroom_Temperature,20.541666667,2024-06-11T13:36:00.000Z,CEL
urn:ngsi-ld:Sensor:Lab_Temperature,21.094736842,2024-06-12T01:00:00.000Z,CEL
urn:ngsi-ld:Sensor:Kitchen_Temperature,20.703846154,2024-06-12T01:00:00.000Z,CEL
urn:ngsi-ld:Sensor:Lab_Temperature,20.715625,2024-06-12T12:24:00.000Z,CEL
urn:ngsi-ld:Sensor:Kitchen_Temperature,20.534375,2024-06-12T12:24:00.000Z,CEL
urn:ngsi-ld:Sensor:Mailroom_Temperature,20.534375,2024-06-12T12:24:00.000Z,CEL
urn:ngsi-ld:Sensor:Lab_Temperature,21.329166667,2024-06-12T23:48:00.000Z,CEL
urn:ngsi-ld:Sensor:Kitchen_Temperature,20.733333333,2024-06-12T23:48:00.000Z,CEL
urn:ngsi-ld:Sensor:Mailroom_Temperature,20.733333333,2024-06-12T23:48:00.000Z,CEL
urn:ngsi-ld:Sensor:Lab_Temperature,21.257692308,2024-06-13T11:12:00.000Z,CEL
urn:ngsi-ld:Sensor:Kitchen_Temperature,20.75,2024-06-13T11:12:00.000Z,CEL
urn:ngsi-ld:Sensor:Mailroom_Temperature,20.75,2024-06-13T11:12:00.000Z,CEL
urn:ngsi-ld:Sensor:Lab_Temperature,19.771428571,2024-06-13T22:36:00.000Z,CEL
urn:ngsi-ld:Sensor:Kitchen_Temperature,20.08,2024-06-13T22:36:00.000Z,CEL
urn:ngsi-ld:Sensor:Mailroom_Temperature,20.08,2024-06-13T22:36:00.000Z,CEL
urn:ngsi-ld:Sensor:Lab_Temperature,20.004,2024-06-14T10:00:00.000Z,CEL
urn:ngsi-ld:Sensor:Kitchen_Temperature,19.9,2024-06-14T10:00:00.000Z,CEL
urn:ngsi-ld:Sensor:Mailroom_Temperature,19.9,2024-06-14T10:00:00.000Z,CEL
urn:ngsi-ld:Sensor:Lab_Temperature,20.047619048,2024-06-14T21:24:00.000Z,CEL
urn:ngsi-ld:Sensor:Kitchen_Temperature,19.988,2024-06-14T21:24:00.000Z,CEL
urn:ngsi-ld:Sensor:Mailroom_Temperature,19.988,2024-06-14T21:24:00.000Z,CEL
urn:ngsi-ld:Sensor:Lab_Temperature,20.896428571,2024-06-15T08:48:00.000Z,CEL
urn:ngsi-ld:Sensor:Kitchen_Temperature,20.133333333,2024-06-15T08:48:00.000Z,CEL
urn:ngsi-ld:Sensor:Mailroom_Temperature,20.133333333,2024-06-15T08:48:00.000Z,CEL
urn:ngsi-ld:Sensor:Lab_Temperature,20.371428571,2024-06-15T20:12:00.000Z,CEL
urn:ngsi-ld:Sensor:Kitchen_Temperature,20.042105263,2024-06-15T20:12:00.000Z,CEL
urn:ngsi-ld:Sensor:Mailroom_Temperature,20.042105263,2024-06-15T20:12:00.000Z,CEL
urn:ngsi-ld:Sensor:Lab_Temperature,22.558064516,2024-06-16T07:36:00.000Z,CEL
urn:ngsi-ld:Sensor:Kitchen_Temperature,20.668181818,2024-06-16T07:36:00.000Z,CEL
urn:ngsi-ld:Sensor:Mailroom_Temperature,20.668181818,2024-06-16T07:36:00.000Z,CEL
urn:ngsi-ld:Sensor:Lab_Temperature,22.791666667,2024-06-16T19:00:00.000Z,CEL
urn:ngsi-ld:Sensor:Kitchen_Temperature,21.170833333,2024-06-16T19:00:00.000Z,CEL
urn:ngsi-ld:Sensor:Mailroom_Temperature,21.170833333,2024-06-16T19:00:00.000Z,CEL
urn:ngsi-ld:Sensor:Lab_Temperature,23.655555556,2024-06-17T06:24:00.000Z,CEL
urn:ngsi-ld:Sensor:Kitchen_Temperature,21.41,2024-06-17T06:24:00.000Z,CEL
urn:ngsi-ld:Sensor:Mailroom_Temperature,21.41,2024-06-17T06:24:00.000Z,CEL
urn:ngsi-ld:Sensor:Lab_Temperature,23.865384615,2024-06-17T17:48:00.000Z,CEL
urn:ngsi-ld:Sensor:Kitchen_Temperature,21.647826087,2024-06-17T17:48:00.000Z,CEL
urn:ngsi-ld:Sensor:Mailroom_Temperature,21.647826087,2024-06-17T17:48:00.000Z,CEL
urn:ngsi-ld:Sensor:Lab_Temperature,24.016,2024-06-18T05:12:00.000Z,CEL
urn:ngsi-ld:Sensor:Kitchen_Temperature,21.75625,2024-06-18T05:12:00.000Z,CEL
urn:ngsi-ld:Sensor:Mailroom_Temperature,21.75625,2024-06-18T05:12:00.000Z,CEL
urn:ngsi-ld:Sensor:Lab_Temperature,24.191666667,2024-06-18T16:36:00.000Z,CEL
urn:ngsi-ld:Sensor:Mailroom_Temperature,21.957894737,2024-06-18T16:36:00.000Z,CEL
urn:ngsi-ld:Sensor:Lab_Temperature,24.12173913,2024-06-19T04:00:00.000Z,CEL
urn:ngsi-ld:Sensor:Kitchen_Temperature,21.995238095,2024-06-19T04:00:00.000Z,CEL
urn:ngsi-ld:Sensor:Mailroom_Temperature,21.995238095,2024-06-19T04:00:00.000Z,CEL
urn:ngsi-ld:Sensor:Lab_Temperature,24.635714286,2024-06-19T15:24:00.000Z,CEL
urn:ngsi-ld:Sensor:Kitchen_Temperature,22.365517241,2024-06-19T15:24:00.000Z,CEL
urn:ngsi-ld:Sensor:Mailroom_Temperature,22.365517241,2024-06-19T15:24:00.000Z,CEL
urn:ngsi-ld:Sensor:Lab_Temperature,24.554545455,2024-06-20T02:48:00.000Z,CEL
urn:ngsi-ld:Sensor:Kitchen_Temperature,22.486363636,2024-06-20T02:48:00.000Z,CEL
urn:ngsi-ld:Sensor:Mailroom_Temperature,22.486363636,2024-06-20T02:48:00.000Z,CEL
urn:ngsi-ld:Sensor:Lab_Temperature,25.5,2024-06-20T14:12:00.000Z,CEL
urn:ngsi-ld:Sensor:Kitchen_Temperature,22.7,2024-06-20T14:12:00.000Z,CEL
urn:ngsi-ld:Sensor:Mailroom_Temperature,22.7,2024-06-20T14:12:00.000Z,CEL
